[
{
  "model": "contenttypes.contenttype",
  "pk": 1,
  "fields": {
    "app_label": "admin",
    "model": "logentry"
  }
},
{
  "model": "contenttypes.contenttype",
  "pk": 2,
  "fields": {
    "app_label": "auth",
    "model": "permission"
  }
},
{
  "model": "contenttypes.contenttype",
  "pk": 3,
  "fields": {
    "app_label": "auth",
    "model": "group"
  }
},
{
  "model": "contenttypes.contenttype",
  "pk": 4,
  "fields": {
    "app_label": "auth",
    "model": "user"
  }
},
{
  "model": "contenttypes.contenttype",
  "pk": 5,
  "fields": {
    "app_label": "contenttypes",
    "model": "contenttype"
  }
},
{
  "model": "contenttypes.contenttype",
  "pk": 6,
  "fields": {
    "app_label": "sessions",
    "model": "session"
  }
},
{
  "model": "contenttypes.contenttype",
  "pk": 7,
  "fields": {
    "app_label": "user",
    "model": "registration"
  }
},
{
  "model": "contenttypes.contenttype",
  "pk": 8,
  "fields": {
    "app_label": "note",
    "model": "label"
  }
},
{
  "model": "contenttypes.contenttype",
  "pk": 9,
  "fields": {
    "app_label": "note",
    "model": "notes"
  }
},
{
  "model": "contenttypes.contenttype",
  "pk": 10,
  "fields": {
    "app_label": "oauth2_provider",
    "model": "application"
  }
},
{
  "model": "contenttypes.contenttype",
  "pk": 11,
  "fields": {
    "app_label": "oauth2_provider",
    "model": "accesstoken"
  }
},
{
  "model": "contenttypes.contenttype",
  "pk": 12,
  "fields": {
    "app_label": "oauth2_provider",
    "model": "grant"
  }
},
{
  "model": "contenttypes.contenttype",
  "pk": 13,
  "fields": {
    "app_label": "oauth2_provider",
    "model": "refreshtoken"
  }
},
{
  "model": "contenttypes.contenttype",
  "pk": 14,
  "fields": {
    "app_label": "social_django",
    "model": "association"
  }
},
{
  "model": "contenttypes.contenttype",
  "pk": 15,
  "fields": {
    "app_label": "social_django",
    "model": "code"
  }
},
{
  "model": "contenttypes.contenttype",
  "pk": 16,
  "fields": {
    "app_label": "social_django",
    "model": "nonce"
  }
},
{
  "model": "contenttypes.contenttype",
  "pk": 17,
  "fields": {
    "app_label": "social_django",
    "model": "usersocialauth"
  }
},
{
  "model": "contenttypes.contenttype",
  "pk": 18,
  "fields": {
    "app_label": "social_django",
    "model": "partial"
  }
},
{
  "model": "contenttypes.contenttype",
  "pk": 19,
  "fields": {
    "app_label": "django_short_url",
    "model": "shorturl"
  }
},
{
  "model": "contenttypes.contenttype",
  "pk": 20,
  "fields": {
    "app_label": "django_cron",
    "model": "cronjoblog"
  }
},
{
  "model": "sessions.session",
  "pk": "0u5qkyzhrht5tko3e7cvc1pxfsywyxfa",
  "fields": {
    "session_data": "M2ZlZDU1MDE0OGVlMjFhNzFhYjJjOTE2NTEwZDNmZTY0YmJlMTUwMjp7Il9hdXRoX3VzZXJfaWQiOiIxIiwiX2F1dGhfdXNlcl9iYWNrZW5kIjoiZGphbmdvLmNvbnRyaWIuYXV0aC5iYWNrZW5kcy5Nb2RlbEJhY2tlbmQiLCJfYXV0aF91c2VyX2hhc2giOiJlZThkOWIwYjc5MTVhNWY3MzNhMDE4ZTZhOGZjYTY0MWNkM2EyNGNkIn0=",
    "expire_date": "2019-11-27T13:20:24.193Z"
  }
},
{
  "model": "sessions.session",
  "pk": "11yenfh01a4nuljumso7d3dx7gb81j8p",
  "fields": {
    "session_data": "M2ZlZDU1MDE0OGVlMjFhNzFhYjJjOTE2NTEwZDNmZTY0YmJlMTUwMjp7Il9hdXRoX3VzZXJfaWQiOiIxIiwiX2F1dGhfdXNlcl9iYWNrZW5kIjoiZGphbmdvLmNvbnRyaWIuYXV0aC5iYWNrZW5kcy5Nb2RlbEJhY2tlbmQiLCJfYXV0aF91c2VyX2hhc2giOiJlZThkOWIwYjc5MTVhNWY3MzNhMDE4ZTZhOGZjYTY0MWNkM2EyNGNkIn0=",
    "expire_date": "2019-11-27T13:21:24.300Z"
  }
},
{
  "model": "sessions.session",
  "pk": "1fmv3f2vwndcz88q1m46hdayab3v5bpz",
  "fields": {
    "session_data": "M2ZlZDU1MDE0OGVlMjFhNzFhYjJjOTE2NTEwZDNmZTY0YmJlMTUwMjp7Il9hdXRoX3VzZXJfaWQiOiIxIiwiX2F1dGhfdXNlcl9iYWNrZW5kIjoiZGphbmdvLmNvbnRyaWIuYXV0aC5iYWNrZW5kcy5Nb2RlbEJhY2tlbmQiLCJfYXV0aF91c2VyX2hhc2giOiJlZThkOWIwYjc5MTVhNWY3MzNhMDE4ZTZhOGZjYTY0MWNkM2EyNGNkIn0=",
    "expire_date": "2019-11-27T12:23:40.089Z"
  }
},
{
  "model": "sessions.session",
  "pk": "1lwhoz9kuzy4gjyylvhcy9kaogkvnblx",
  "fields": {
    "session_data": "ZjE5ODVjNmI2MTFlODQ5YzRiNTQ0MzE2MDNiYjA2N2I0N2RlOGNlNTp7ImdpdGh1Yl9zdGF0ZSI6IjhYM2laSTZGNHpqSWJ2UGJobmlUYjRBdlNnanBFZVI3IiwiX2F1dGhfdXNlcl9pZCI6IjkiLCJfYXV0aF91c2VyX2JhY2tlbmQiOiJzb2NpYWxfY29yZS5iYWNrZW5kcy5naXRodWIuR2l0aHViT0F1dGgyIiwiX2F1dGhfdXNlcl9oYXNoIjoiMDBlYmMzMDk4YzRhYmViZDk4NzczY2U2MTU2NzVmZjZkYjI5Yjc2NSIsInNvY2lhbF9hdXRoX2xhc3RfbG9naW5fYmFja2VuZCI6ImdpdGh1YiJ9",
    "expire_date": "2019-11-28T05:23:06.711Z"
  }
},
{
  "model": "sessions.session",
  "pk": "1v5hhfzpd1tjl3dez0pb6kutx3vagvat",
  "fields": {
    "session_data": "M2ZlZDU1MDE0OGVlMjFhNzFhYjJjOTE2NTEwZDNmZTY0YmJlMTUwMjp7Il9hdXRoX3VzZXJfaWQiOiIxIiwiX2F1dGhfdXNlcl9iYWNrZW5kIjoiZGphbmdvLmNvbnRyaWIuYXV0aC5iYWNrZW5kcy5Nb2RlbEJhY2tlbmQiLCJfYXV0aF91c2VyX2hhc2giOiJlZThkOWIwYjc5MTVhNWY3MzNhMDE4ZTZhOGZjYTY0MWNkM2EyNGNkIn0=",
    "expire_date": "2019-11-27T08:46:54.051Z"
  }
},
{
  "model": "sessions.session",
  "pk": "1zpzqhti2ckc0ch77buml784e2zrcukr",
  "fields": {
    "session_data": "M2ZlZDU1MDE0OGVlMjFhNzFhYjJjOTE2NTEwZDNmZTY0YmJlMTUwMjp7Il9hdXRoX3VzZXJfaWQiOiIxIiwiX2F1dGhfdXNlcl9iYWNrZW5kIjoiZGphbmdvLmNvbnRyaWIuYXV0aC5iYWNrZW5kcy5Nb2RlbEJhY2tlbmQiLCJfYXV0aF91c2VyX2hhc2giOiJlZThkOWIwYjc5MTVhNWY3MzNhMDE4ZTZhOGZjYTY0MWNkM2EyNGNkIn0=",
    "expire_date": "2019-11-27T07:11:06.609Z"
  }
},
{
  "model": "sessions.session",
  "pk": "224nxb9k1imvg4dhmt3rm524b9t86d9j",
  "fields": {
    "session_data": "M2ZlZDU1MDE0OGVlMjFhNzFhYjJjOTE2NTEwZDNmZTY0YmJlMTUwMjp7Il9hdXRoX3VzZXJfaWQiOiIxIiwiX2F1dGhfdXNlcl9iYWNrZW5kIjoiZGphbmdvLmNvbnRyaWIuYXV0aC5iYWNrZW5kcy5Nb2RlbEJhY2tlbmQiLCJfYXV0aF91c2VyX2hhc2giOiJlZThkOWIwYjc5MTVhNWY3MzNhMDE4ZTZhOGZjYTY0MWNkM2EyNGNkIn0=",
    "expire_date": "2019-11-25T09:11:29.455Z"
  }
},
{
  "model": "sessions.session",
  "pk": "22p6n5hda7iz402d8tau34dozhpxw5y7",
  "fields": {
    "session_data": "M2ZlZDU1MDE0OGVlMjFhNzFhYjJjOTE2NTEwZDNmZTY0YmJlMTUwMjp7Il9hdXRoX3VzZXJfaWQiOiIxIiwiX2F1dGhfdXNlcl9iYWNrZW5kIjoiZGphbmdvLmNvbnRyaWIuYXV0aC5iYWNrZW5kcy5Nb2RlbEJhY2tlbmQiLCJfYXV0aF91c2VyX2hhc2giOiJlZThkOWIwYjc5MTVhNWY3MzNhMDE4ZTZhOGZjYTY0MWNkM2EyNGNkIn0=",
    "expire_date": "2019-11-27T12:05:06.231Z"
  }
},
{
  "model": "sessions.session",
  "pk": "24b994wev473zilg6bp60nwaa9lca5ak",
  "fields": {
    "session_data": "M2ZlZDU1MDE0OGVlMjFhNzFhYjJjOTE2NTEwZDNmZTY0YmJlMTUwMjp7Il9hdXRoX3VzZXJfaWQiOiIxIiwiX2F1dGhfdXNlcl9iYWNrZW5kIjoiZGphbmdvLmNvbnRyaWIuYXV0aC5iYWNrZW5kcy5Nb2RlbEJhY2tlbmQiLCJfYXV0aF91c2VyX2hhc2giOiJlZThkOWIwYjc5MTVhNWY3MzNhMDE4ZTZhOGZjYTY0MWNkM2EyNGNkIn0=",
    "expire_date": "2019-11-27T11:20:22.098Z"
  }
},
{
  "model": "sessions.session",
  "pk": "24euknenr1hpydw4lwqpm9mq0uge6yhj",
  "fields": {
    "session_data": "M2ZlZDU1MDE0OGVlMjFhNzFhYjJjOTE2NTEwZDNmZTY0YmJlMTUwMjp7Il9hdXRoX3VzZXJfaWQiOiIxIiwiX2F1dGhfdXNlcl9iYWNrZW5kIjoiZGphbmdvLmNvbnRyaWIuYXV0aC5iYWNrZW5kcy5Nb2RlbEJhY2tlbmQiLCJfYXV0aF91c2VyX2hhc2giOiJlZThkOWIwYjc5MTVhNWY3MzNhMDE4ZTZhOGZjYTY0MWNkM2EyNGNkIn0=",
    "expire_date": "2019-11-27T08:52:36.097Z"
  }
},
{
  "model": "sessions.session",
  "pk": "2nqra492eca66xx38b3ymd2depy8chwt",
  "fields": {
    "session_data": "M2ZlZDU1MDE0OGVlMjFhNzFhYjJjOTE2NTEwZDNmZTY0YmJlMTUwMjp7Il9hdXRoX3VzZXJfaWQiOiIxIiwiX2F1dGhfdXNlcl9iYWNrZW5kIjoiZGphbmdvLmNvbnRyaWIuYXV0aC5iYWNrZW5kcy5Nb2RlbEJhY2tlbmQiLCJfYXV0aF91c2VyX2hhc2giOiJlZThkOWIwYjc5MTVhNWY3MzNhMDE4ZTZhOGZjYTY0MWNkM2EyNGNkIn0=",
    "expire_date": "2019-11-27T11:16:12.283Z"
  }
},
{
  "model": "sessions.session",
  "pk": "2ns185c9onslve7tcmai0v7o0vp7mq4m",
  "fields": {
    "session_data": "M2ZlZDU1MDE0OGVlMjFhNzFhYjJjOTE2NTEwZDNmZTY0YmJlMTUwMjp7Il9hdXRoX3VzZXJfaWQiOiIxIiwiX2F1dGhfdXNlcl9iYWNrZW5kIjoiZGphbmdvLmNvbnRyaWIuYXV0aC5iYWNrZW5kcy5Nb2RlbEJhY2tlbmQiLCJfYXV0aF91c2VyX2hhc2giOiJlZThkOWIwYjc5MTVhNWY3MzNhMDE4ZTZhOGZjYTY0MWNkM2EyNGNkIn0=",
    "expire_date": "2019-11-27T13:26:15.528Z"
  }
},
{
  "model": "sessions.session",
  "pk": "2o7n3lzn6r2mu2h6otd1878sjyqrsp95",
  "fields": {
    "session_data": "M2ZlZDU1MDE0OGVlMjFhNzFhYjJjOTE2NTEwZDNmZTY0YmJlMTUwMjp7Il9hdXRoX3VzZXJfaWQiOiIxIiwiX2F1dGhfdXNlcl9iYWNrZW5kIjoiZGphbmdvLmNvbnRyaWIuYXV0aC5iYWNrZW5kcy5Nb2RlbEJhY2tlbmQiLCJfYXV0aF91c2VyX2hhc2giOiJlZThkOWIwYjc5MTVhNWY3MzNhMDE4ZTZhOGZjYTY0MWNkM2EyNGNkIn0=",
    "expire_date": "2019-11-25T10:47:00.880Z"
  }
},
{
  "model": "sessions.session",
  "pk": "2oetypopifwy3aq8soymb3zckqhl10zb",
  "fields": {
    "session_data": "M2ZlZDU1MDE0OGVlMjFhNzFhYjJjOTE2NTEwZDNmZTY0YmJlMTUwMjp7Il9hdXRoX3VzZXJfaWQiOiIxIiwiX2F1dGhfdXNlcl9iYWNrZW5kIjoiZGphbmdvLmNvbnRyaWIuYXV0aC5iYWNrZW5kcy5Nb2RlbEJhY2tlbmQiLCJfYXV0aF91c2VyX2hhc2giOiJlZThkOWIwYjc5MTVhNWY3MzNhMDE4ZTZhOGZjYTY0MWNkM2EyNGNkIn0=",
    "expire_date": "2019-11-27T08:48:24.792Z"
  }
},
{
  "model": "sessions.session",
  "pk": "2ow2zwyz67548g7rohujui20xlpquaxa",
  "fields": {
    "session_data": "M2ZlZDU1MDE0OGVlMjFhNzFhYjJjOTE2NTEwZDNmZTY0YmJlMTUwMjp7Il9hdXRoX3VzZXJfaWQiOiIxIiwiX2F1dGhfdXNlcl9iYWNrZW5kIjoiZGphbmdvLmNvbnRyaWIuYXV0aC5iYWNrZW5kcy5Nb2RlbEJhY2tlbmQiLCJfYXV0aF91c2VyX2hhc2giOiJlZThkOWIwYjc5MTVhNWY3MzNhMDE4ZTZhOGZjYTY0MWNkM2EyNGNkIn0=",
    "expire_date": "2019-11-27T12:07:29.435Z"
  }
},
{
  "model": "sessions.session",
  "pk": "2zzexn4zimfvfo3ct9kc2lnndh8py2tw",
  "fields": {
    "session_data": "M2ZlZDU1MDE0OGVlMjFhNzFhYjJjOTE2NTEwZDNmZTY0YmJlMTUwMjp7Il9hdXRoX3VzZXJfaWQiOiIxIiwiX2F1dGhfdXNlcl9iYWNrZW5kIjoiZGphbmdvLmNvbnRyaWIuYXV0aC5iYWNrZW5kcy5Nb2RlbEJhY2tlbmQiLCJfYXV0aF91c2VyX2hhc2giOiJlZThkOWIwYjc5MTVhNWY3MzNhMDE4ZTZhOGZjYTY0MWNkM2EyNGNkIn0=",
    "expire_date": "2019-11-27T08:49:03.101Z"
  }
},
{
  "model": "sessions.session",
  "pk": "37471iyzobilwyoe120xxv9ba677ssyj",
  "fields": {
    "session_data": "M2ZlZDU1MDE0OGVlMjFhNzFhYjJjOTE2NTEwZDNmZTY0YmJlMTUwMjp7Il9hdXRoX3VzZXJfaWQiOiIxIiwiX2F1dGhfdXNlcl9iYWNrZW5kIjoiZGphbmdvLmNvbnRyaWIuYXV0aC5iYWNrZW5kcy5Nb2RlbEJhY2tlbmQiLCJfYXV0aF91c2VyX2hhc2giOiJlZThkOWIwYjc5MTVhNWY3MzNhMDE4ZTZhOGZjYTY0MWNkM2EyNGNkIn0=",
    "expire_date": "2019-11-27T04:11:29.837Z"
  }
},
{
  "model": "sessions.session",
  "pk": "3perul4cy95k4huef33q98dudjzgfumv",
  "fields": {
    "session_data": "M2ZlZDU1MDE0OGVlMjFhNzFhYjJjOTE2NTEwZDNmZTY0YmJlMTUwMjp7Il9hdXRoX3VzZXJfaWQiOiIxIiwiX2F1dGhfdXNlcl9iYWNrZW5kIjoiZGphbmdvLmNvbnRyaWIuYXV0aC5iYWNrZW5kcy5Nb2RlbEJhY2tlbmQiLCJfYXV0aF91c2VyX2hhc2giOiJlZThkOWIwYjc5MTVhNWY3MzNhMDE4ZTZhOGZjYTY0MWNkM2EyNGNkIn0=",
    "expire_date": "2019-11-27T09:11:33.450Z"
  }
},
{
  "model": "sessions.session",
  "pk": "3rux046hfobjgquxzvw60v8m1t8htxot",
  "fields": {
    "session_data": "M2ZlZDU1MDE0OGVlMjFhNzFhYjJjOTE2NTEwZDNmZTY0YmJlMTUwMjp7Il9hdXRoX3VzZXJfaWQiOiIxIiwiX2F1dGhfdXNlcl9iYWNrZW5kIjoiZGphbmdvLmNvbnRyaWIuYXV0aC5iYWNrZW5kcy5Nb2RlbEJhY2tlbmQiLCJfYXV0aF91c2VyX2hhc2giOiJlZThkOWIwYjc5MTVhNWY3MzNhMDE4ZTZhOGZjYTY0MWNkM2EyNGNkIn0=",
    "expire_date": "2019-11-27T08:54:48.785Z"
  }
},
{
  "model": "sessions.session",
  "pk": "4dhilaab9j4hxs9anztevkt0eh62vdnj",
  "fields": {
    "session_data": "M2ZlZDU1MDE0OGVlMjFhNzFhYjJjOTE2NTEwZDNmZTY0YmJlMTUwMjp7Il9hdXRoX3VzZXJfaWQiOiIxIiwiX2F1dGhfdXNlcl9iYWNrZW5kIjoiZGphbmdvLmNvbnRyaWIuYXV0aC5iYWNrZW5kcy5Nb2RlbEJhY2tlbmQiLCJfYXV0aF91c2VyX2hhc2giOiJlZThkOWIwYjc5MTVhNWY3MzNhMDE4ZTZhOGZjYTY0MWNkM2EyNGNkIn0=",
    "expire_date": "2019-11-25T09:50:14.264Z"
  }
},
{
  "model": "sessions.session",
  "pk": "4hni0lqbodiill5vnskxio1xsbgywb17",
  "fields": {
    "session_data": "M2ZlZDU1MDE0OGVlMjFhNzFhYjJjOTE2NTEwZDNmZTY0YmJlMTUwMjp7Il9hdXRoX3VzZXJfaWQiOiIxIiwiX2F1dGhfdXNlcl9iYWNrZW5kIjoiZGphbmdvLmNvbnRyaWIuYXV0aC5iYWNrZW5kcy5Nb2RlbEJhY2tlbmQiLCJfYXV0aF91c2VyX2hhc2giOiJlZThkOWIwYjc5MTVhNWY3MzNhMDE4ZTZhOGZjYTY0MWNkM2EyNGNkIn0=",
    "expire_date": "2019-11-27T04:18:38.075Z"
  }
},
{
  "model": "sessions.session",
  "pk": "4m1s6n9oz57lu9tcz68m4zlgg3org4x6",
  "fields": {
    "session_data": "M2ZlZDU1MDE0OGVlMjFhNzFhYjJjOTE2NTEwZDNmZTY0YmJlMTUwMjp7Il9hdXRoX3VzZXJfaWQiOiIxIiwiX2F1dGhfdXNlcl9iYWNrZW5kIjoiZGphbmdvLmNvbnRyaWIuYXV0aC5iYWNrZW5kcy5Nb2RlbEJhY2tlbmQiLCJfYXV0aF91c2VyX2hhc2giOiJlZThkOWIwYjc5MTVhNWY3MzNhMDE4ZTZhOGZjYTY0MWNkM2EyNGNkIn0=",
    "expire_date": "2019-11-27T11:15:51.126Z"
  }
},
{
  "model": "sessions.session",
  "pk": "4saq9le278hsy78juxamyu5yqz9r2w9f",
  "fields": {
    "session_data": "M2ZlZDU1MDE0OGVlMjFhNzFhYjJjOTE2NTEwZDNmZTY0YmJlMTUwMjp7Il9hdXRoX3VzZXJfaWQiOiIxIiwiX2F1dGhfdXNlcl9iYWNrZW5kIjoiZGphbmdvLmNvbnRyaWIuYXV0aC5iYWNrZW5kcy5Nb2RlbEJhY2tlbmQiLCJfYXV0aF91c2VyX2hhc2giOiJlZThkOWIwYjc5MTVhNWY3MzNhMDE4ZTZhOGZjYTY0MWNkM2EyNGNkIn0=",
    "expire_date": "2019-11-27T09:33:12.138Z"
  }
},
{
  "model": "sessions.session",
  "pk": "4vgl85c1l3dlsaoprsgvgt1ssxtrs1qu",
  "fields": {
    "session_data": "M2ZlZDU1MDE0OGVlMjFhNzFhYjJjOTE2NTEwZDNmZTY0YmJlMTUwMjp7Il9hdXRoX3VzZXJfaWQiOiIxIiwiX2F1dGhfdXNlcl9iYWNrZW5kIjoiZGphbmdvLmNvbnRyaWIuYXV0aC5iYWNrZW5kcy5Nb2RlbEJhY2tlbmQiLCJfYXV0aF91c2VyX2hhc2giOiJlZThkOWIwYjc5MTVhNWY3MzNhMDE4ZTZhOGZjYTY0MWNkM2EyNGNkIn0=",
    "expire_date": "2019-11-27T11:14:02.394Z"
  }
},
{
  "model": "sessions.session",
  "pk": "4z1xx59wtu6hvtcy9xksd689ar69a53h",
  "fields": {
    "session_data": "M2ZlZDU1MDE0OGVlMjFhNzFhYjJjOTE2NTEwZDNmZTY0YmJlMTUwMjp7Il9hdXRoX3VzZXJfaWQiOiIxIiwiX2F1dGhfdXNlcl9iYWNrZW5kIjoiZGphbmdvLmNvbnRyaWIuYXV0aC5iYWNrZW5kcy5Nb2RlbEJhY2tlbmQiLCJfYXV0aF91c2VyX2hhc2giOiJlZThkOWIwYjc5MTVhNWY3MzNhMDE4ZTZhOGZjYTY0MWNkM2EyNGNkIn0=",
    "expire_date": "2019-11-25T09:09:50.690Z"
  }
},
{
  "model": "sessions.session",
  "pk": "5q1q5r8yjyyt5ex50dvvqze8xt0nqeke",
  "fields": {
    "session_data": "M2ZlZDU1MDE0OGVlMjFhNzFhYjJjOTE2NTEwZDNmZTY0YmJlMTUwMjp7Il9hdXRoX3VzZXJfaWQiOiIxIiwiX2F1dGhfdXNlcl9iYWNrZW5kIjoiZGphbmdvLmNvbnRyaWIuYXV0aC5iYWNrZW5kcy5Nb2RlbEJhY2tlbmQiLCJfYXV0aF91c2VyX2hhc2giOiJlZThkOWIwYjc5MTVhNWY3MzNhMDE4ZTZhOGZjYTY0MWNkM2EyNGNkIn0=",
    "expire_date": "2019-11-27T04:31:03.942Z"
  }
},
{
  "model": "sessions.session",
  "pk": "5tmtu6c8dbbd42fvndpys69d5c75kuda",
  "fields": {
    "session_data": "M2ZlZDU1MDE0OGVlMjFhNzFhYjJjOTE2NTEwZDNmZTY0YmJlMTUwMjp7Il9hdXRoX3VzZXJfaWQiOiIxIiwiX2F1dGhfdXNlcl9iYWNrZW5kIjoiZGphbmdvLmNvbnRyaWIuYXV0aC5iYWNrZW5kcy5Nb2RlbEJhY2tlbmQiLCJfYXV0aF91c2VyX2hhc2giOiJlZThkOWIwYjc5MTVhNWY3MzNhMDE4ZTZhOGZjYTY0MWNkM2EyNGNkIn0=",
    "expire_date": "2019-11-27T13:32:23.049Z"
  }
},
{
  "model": "sessions.session",
  "pk": "5yoh9hf0bx14a09o3c2x76d7qukd0276",
  "fields": {
    "session_data": "ZjZhOGU1NTVlZDhkNWMxZDQxMjVkNjM5MWU1MjA1M2Y3NTQ5YTlkMTp7ImdpdGh1Yl9zdGF0ZSI6InNvMFk5WkJvNkljWUhWT0Q0WUVnZ1luMXd1ZEk4S0VHIiwiX2F1dGhfdXNlcl9pZCI6IjkiLCJfYXV0aF91c2VyX2JhY2tlbmQiOiJzb2NpYWxfY29yZS5iYWNrZW5kcy5naXRodWIuR2l0aHViT0F1dGgyIiwiX2F1dGhfdXNlcl9oYXNoIjoiMDBlYmMzMDk4YzRhYmViZDk4NzczY2U2MTU2NzVmZjZkYjI5Yjc2NSIsInNvY2lhbF9hdXRoX2xhc3RfbG9naW5fYmFja2VuZCI6ImdpdGh1YiJ9",
    "expire_date": "2019-11-27T06:18:33.660Z"
  }
},
{
  "model": "sessions.session",
  "pk": "61kn7g6q2qubwq4xd7fnjajqxmge636z",
  "fields": {
    "session_data": "M2ZlZDU1MDE0OGVlMjFhNzFhYjJjOTE2NTEwZDNmZTY0YmJlMTUwMjp7Il9hdXRoX3VzZXJfaWQiOiIxIiwiX2F1dGhfdXNlcl9iYWNrZW5kIjoiZGphbmdvLmNvbnRyaWIuYXV0aC5iYWNrZW5kcy5Nb2RlbEJhY2tlbmQiLCJfYXV0aF91c2VyX2hhc2giOiJlZThkOWIwYjc5MTVhNWY3MzNhMDE4ZTZhOGZjYTY0MWNkM2EyNGNkIn0=",
    "expire_date": "2019-11-27T04:08:56.441Z"
  }
},
{
  "model": "sessions.session",
  "pk": "6e07wyw8c60v1ziezizeygqrsx0kwo0g",
  "fields": {
    "session_data": "M2ZlZDU1MDE0OGVlMjFhNzFhYjJjOTE2NTEwZDNmZTY0YmJlMTUwMjp7Il9hdXRoX3VzZXJfaWQiOiIxIiwiX2F1dGhfdXNlcl9iYWNrZW5kIjoiZGphbmdvLmNvbnRyaWIuYXV0aC5iYWNrZW5kcy5Nb2RlbEJhY2tlbmQiLCJfYXV0aF91c2VyX2hhc2giOiJlZThkOWIwYjc5MTVhNWY3MzNhMDE4ZTZhOGZjYTY0MWNkM2EyNGNkIn0=",
    "expire_date": "2019-11-25T09:36:40.924Z"
  }
},
{
  "model": "sessions.session",
  "pk": "6jcm0jmhq8k250h0nv5b2no182xij5cg",
  "fields": {
    "session_data": "M2ZlZDU1MDE0OGVlMjFhNzFhYjJjOTE2NTEwZDNmZTY0YmJlMTUwMjp7Il9hdXRoX3VzZXJfaWQiOiIxIiwiX2F1dGhfdXNlcl9iYWNrZW5kIjoiZGphbmdvLmNvbnRyaWIuYXV0aC5iYWNrZW5kcy5Nb2RlbEJhY2tlbmQiLCJfYXV0aF91c2VyX2hhc2giOiJlZThkOWIwYjc5MTVhNWY3MzNhMDE4ZTZhOGZjYTY0MWNkM2EyNGNkIn0=",
    "expire_date": "2019-11-27T09:07:48.047Z"
  }
},
{
  "model": "sessions.session",
  "pk": "6u5ioci5thiq25uqp50cdh6wgz11xvet",
  "fields": {
    "session_data": "M2ZlZDU1MDE0OGVlMjFhNzFhYjJjOTE2NTEwZDNmZTY0YmJlMTUwMjp7Il9hdXRoX3VzZXJfaWQiOiIxIiwiX2F1dGhfdXNlcl9iYWNrZW5kIjoiZGphbmdvLmNvbnRyaWIuYXV0aC5iYWNrZW5kcy5Nb2RlbEJhY2tlbmQiLCJfYXV0aF91c2VyX2hhc2giOiJlZThkOWIwYjc5MTVhNWY3MzNhMDE4ZTZhOGZjYTY0MWNkM2EyNGNkIn0=",
    "expire_date": "2019-11-27T13:37:42.110Z"
  }
},
{
  "model": "sessions.session",
  "pk": "6zg2hxo4j4831i658atvikck6ftweqn7",
  "fields": {
    "session_data": "Zjk2MDdiZDA5MzY0Y2FiZmQ2YzgwN2VmNDc1OGQyYWZiN2RhZTVhMTp7ImdpdGh1Yl9zdGF0ZSI6IkJ3anJObWVHT2dKTlh5TnBjd3owVUlkRDM1VXowaWFaIiwiX2F1dGhfdXNlcl9pZCI6IjkiLCJfYXV0aF91c2VyX2JhY2tlbmQiOiJzb2NpYWxfY29yZS5iYWNrZW5kcy5naXRodWIuR2l0aHViT0F1dGgyIiwiX2F1dGhfdXNlcl9oYXNoIjoiMDBlYmMzMDk4YzRhYmViZDk4NzczY2U2MTU2NzVmZjZkYjI5Yjc2NSIsInNvY2lhbF9hdXRoX2xhc3RfbG9naW5fYmFja2VuZCI6ImdpdGh1YiJ9",
    "expire_date": "2019-11-27T05:56:31.074Z"
  }
},
{
  "model": "sessions.session",
  "pk": "77h381z1bxjwod7rb0cncouf9z3rr4ft",
  "fields": {
    "session_data": "M2ZlZDU1MDE0OGVlMjFhNzFhYjJjOTE2NTEwZDNmZTY0YmJlMTUwMjp7Il9hdXRoX3VzZXJfaWQiOiIxIiwiX2F1dGhfdXNlcl9iYWNrZW5kIjoiZGphbmdvLmNvbnRyaWIuYXV0aC5iYWNrZW5kcy5Nb2RlbEJhY2tlbmQiLCJfYXV0aF91c2VyX2hhc2giOiJlZThkOWIwYjc5MTVhNWY3MzNhMDE4ZTZhOGZjYTY0MWNkM2EyNGNkIn0=",
    "expire_date": "2019-11-27T04:09:34.957Z"
  }
},
{
  "model": "sessions.session",
  "pk": "7fg4boice54n0clu4jlacqkpgnlbuh01",
  "fields": {
    "session_data": "M2ZlZDU1MDE0OGVlMjFhNzFhYjJjOTE2NTEwZDNmZTY0YmJlMTUwMjp7Il9hdXRoX3VzZXJfaWQiOiIxIiwiX2F1dGhfdXNlcl9iYWNrZW5kIjoiZGphbmdvLmNvbnRyaWIuYXV0aC5iYWNrZW5kcy5Nb2RlbEJhY2tlbmQiLCJfYXV0aF91c2VyX2hhc2giOiJlZThkOWIwYjc5MTVhNWY3MzNhMDE4ZTZhOGZjYTY0MWNkM2EyNGNkIn0=",
    "expire_date": "2019-11-27T10:11:25.833Z"
  }
},
{
  "model": "sessions.session",
  "pk": "7v7ay1x6w8auuevkdv0r85m8v93ovv0z",
  "fields": {
    "session_data": "M2ZlZDU1MDE0OGVlMjFhNzFhYjJjOTE2NTEwZDNmZTY0YmJlMTUwMjp7Il9hdXRoX3VzZXJfaWQiOiIxIiwiX2F1dGhfdXNlcl9iYWNrZW5kIjoiZGphbmdvLmNvbnRyaWIuYXV0aC5iYWNrZW5kcy5Nb2RlbEJhY2tlbmQiLCJfYXV0aF91c2VyX2hhc2giOiJlZThkOWIwYjc5MTVhNWY3MzNhMDE4ZTZhOGZjYTY0MWNkM2EyNGNkIn0=",
    "expire_date": "2019-11-27T04:21:50.806Z"
  }
},
{
  "model": "sessions.session",
  "pk": "7w8k2dn1dor6e7h8j8ptbzdd1872ld1c",
  "fields": {
    "session_data": "M2ZlZDU1MDE0OGVlMjFhNzFhYjJjOTE2NTEwZDNmZTY0YmJlMTUwMjp7Il9hdXRoX3VzZXJfaWQiOiIxIiwiX2F1dGhfdXNlcl9iYWNrZW5kIjoiZGphbmdvLmNvbnRyaWIuYXV0aC5iYWNrZW5kcy5Nb2RlbEJhY2tlbmQiLCJfYXV0aF91c2VyX2hhc2giOiJlZThkOWIwYjc5MTVhNWY3MzNhMDE4ZTZhOGZjYTY0MWNkM2EyNGNkIn0=",
    "expire_date": "2019-11-27T04:22:28.836Z"
  }
},
{
  "model": "sessions.session",
  "pk": "8l1c4ejdcbzbzyszyf89e5cqlq1yyyiq",
  "fields": {
    "session_data": "M2ZlZDU1MDE0OGVlMjFhNzFhYjJjOTE2NTEwZDNmZTY0YmJlMTUwMjp7Il9hdXRoX3VzZXJfaWQiOiIxIiwiX2F1dGhfdXNlcl9iYWNrZW5kIjoiZGphbmdvLmNvbnRyaWIuYXV0aC5iYWNrZW5kcy5Nb2RlbEJhY2tlbmQiLCJfYXV0aF91c2VyX2hhc2giOiJlZThkOWIwYjc5MTVhNWY3MzNhMDE4ZTZhOGZjYTY0MWNkM2EyNGNkIn0=",
    "expire_date": "2019-11-27T04:21:58.792Z"
  }
},
{
  "model": "sessions.session",
  "pk": "8opcopm96vbh4f10xumbpl3sika1j2cp",
  "fields": {
    "session_data": "M2ZlZDU1MDE0OGVlMjFhNzFhYjJjOTE2NTEwZDNmZTY0YmJlMTUwMjp7Il9hdXRoX3VzZXJfaWQiOiIxIiwiX2F1dGhfdXNlcl9iYWNrZW5kIjoiZGphbmdvLmNvbnRyaWIuYXV0aC5iYWNrZW5kcy5Nb2RlbEJhY2tlbmQiLCJfYXV0aF91c2VyX2hhc2giOiJlZThkOWIwYjc5MTVhNWY3MzNhMDE4ZTZhOGZjYTY0MWNkM2EyNGNkIn0=",
    "expire_date": "2019-11-27T09:08:58.078Z"
  }
},
{
  "model": "sessions.session",
  "pk": "99sml2us3poeou98c2uxcngtr9mcjgqa",
  "fields": {
    "session_data": "M2ZlZDU1MDE0OGVlMjFhNzFhYjJjOTE2NTEwZDNmZTY0YmJlMTUwMjp7Il9hdXRoX3VzZXJfaWQiOiIxIiwiX2F1dGhfdXNlcl9iYWNrZW5kIjoiZGphbmdvLmNvbnRyaWIuYXV0aC5iYWNrZW5kcy5Nb2RlbEJhY2tlbmQiLCJfYXV0aF91c2VyX2hhc2giOiJlZThkOWIwYjc5MTVhNWY3MzNhMDE4ZTZhOGZjYTY0MWNkM2EyNGNkIn0=",
    "expire_date": "2019-11-20T12:27:06.169Z"
  }
},
{
  "model": "sessions.session",
  "pk": "9e1pcuqr1rq6jkbgv9grkz3a5p26ptxc",
  "fields": {
    "session_data": "M2ZlZDU1MDE0OGVlMjFhNzFhYjJjOTE2NTEwZDNmZTY0YmJlMTUwMjp7Il9hdXRoX3VzZXJfaWQiOiIxIiwiX2F1dGhfdXNlcl9iYWNrZW5kIjoiZGphbmdvLmNvbnRyaWIuYXV0aC5iYWNrZW5kcy5Nb2RlbEJhY2tlbmQiLCJfYXV0aF91c2VyX2hhc2giOiJlZThkOWIwYjc5MTVhNWY3MzNhMDE4ZTZhOGZjYTY0MWNkM2EyNGNkIn0=",
    "expire_date": "2019-11-27T12:11:12.960Z"
  }
},
{
  "model": "sessions.session",
  "pk": "9mzh9i61hv49gloaltxyg1i177lz7jqt",
  "fields": {
    "session_data": "M2ZlZDU1MDE0OGVlMjFhNzFhYjJjOTE2NTEwZDNmZTY0YmJlMTUwMjp7Il9hdXRoX3VzZXJfaWQiOiIxIiwiX2F1dGhfdXNlcl9iYWNrZW5kIjoiZGphbmdvLmNvbnRyaWIuYXV0aC5iYWNrZW5kcy5Nb2RlbEJhY2tlbmQiLCJfYXV0aF91c2VyX2hhc2giOiJlZThkOWIwYjc5MTVhNWY3MzNhMDE4ZTZhOGZjYTY0MWNkM2EyNGNkIn0=",
    "expire_date": "2019-11-27T10:41:08.521Z"
  }
},
{
  "model": "sessions.session",
  "pk": "a51jfy1la57am25ep1my0n34wucx7us8",
  "fields": {
    "session_data": "M2ZlZDU1MDE0OGVlMjFhNzFhYjJjOTE2NTEwZDNmZTY0YmJlMTUwMjp7Il9hdXRoX3VzZXJfaWQiOiIxIiwiX2F1dGhfdXNlcl9iYWNrZW5kIjoiZGphbmdvLmNvbnRyaWIuYXV0aC5iYWNrZW5kcy5Nb2RlbEJhY2tlbmQiLCJfYXV0aF91c2VyX2hhc2giOiJlZThkOWIwYjc5MTVhNWY3MzNhMDE4ZTZhOGZjYTY0MWNkM2EyNGNkIn0=",
    "expire_date": "2019-11-27T11:14:48.210Z"
  }
},
{
  "model": "sessions.session",
  "pk": "aej979aqxc875ovip5isffc215hm5hyv",
  "fields": {
    "session_data": "M2ZlZDU1MDE0OGVlMjFhNzFhYjJjOTE2NTEwZDNmZTY0YmJlMTUwMjp7Il9hdXRoX3VzZXJfaWQiOiIxIiwiX2F1dGhfdXNlcl9iYWNrZW5kIjoiZGphbmdvLmNvbnRyaWIuYXV0aC5iYWNrZW5kcy5Nb2RlbEJhY2tlbmQiLCJfYXV0aF91c2VyX2hhc2giOiJlZThkOWIwYjc5MTVhNWY3MzNhMDE4ZTZhOGZjYTY0MWNkM2EyNGNkIn0=",
    "expire_date": "2019-11-27T09:19:57.628Z"
  }
},
{
  "model": "sessions.session",
  "pk": "ak55i6s3cello96rd9ym2q2t7r4p5tlv",
  "fields": {
    "session_data": "ZGE5MjMzOGM5MzZjYTBmOTJlYWEzMzBmOWFjMzdlYjM2MjJhNDhmMTp7Il9hdXRoX3VzZXJfaWQiOiI4IiwiX2F1dGhfdXNlcl9iYWNrZW5kIjoiZGphbmdvLmNvbnRyaWIuYXV0aC5iYWNrZW5kcy5Nb2RlbEJhY2tlbmQiLCJfYXV0aF91c2VyX2hhc2giOiIyOTViNTU3OTQ5NzE1YzRmNGM3ZWFlNGI3ZDlmNmU2YjVmM2Y0ODQ1In0=",
    "expire_date": "2019-11-27T08:46:11.895Z"
  }
},
{
  "model": "sessions.session",
  "pk": "axrkplsmof2int4qv2fpyijwwm32pdtm",
  "fields": {
    "session_data": "M2ZlZDU1MDE0OGVlMjFhNzFhYjJjOTE2NTEwZDNmZTY0YmJlMTUwMjp7Il9hdXRoX3VzZXJfaWQiOiIxIiwiX2F1dGhfdXNlcl9iYWNrZW5kIjoiZGphbmdvLmNvbnRyaWIuYXV0aC5iYWNrZW5kcy5Nb2RlbEJhY2tlbmQiLCJfYXV0aF91c2VyX2hhc2giOiJlZThkOWIwYjc5MTVhNWY3MzNhMDE4ZTZhOGZjYTY0MWNkM2EyNGNkIn0=",
    "expire_date": "2019-11-27T09:09:44.610Z"
  }
},
{
  "model": "sessions.session",
  "pk": "b01ibbzw54j65rjbw4tpysoa06mtzwrj",
  "fields": {
    "session_data": "M2ZlZDU1MDE0OGVlMjFhNzFhYjJjOTE2NTEwZDNmZTY0YmJlMTUwMjp7Il9hdXRoX3VzZXJfaWQiOiIxIiwiX2F1dGhfdXNlcl9iYWNrZW5kIjoiZGphbmdvLmNvbnRyaWIuYXV0aC5iYWNrZW5kcy5Nb2RlbEJhY2tlbmQiLCJfYXV0aF91c2VyX2hhc2giOiJlZThkOWIwYjc5MTVhNWY3MzNhMDE4ZTZhOGZjYTY0MWNkM2EyNGNkIn0=",
    "expire_date": "2019-11-27T04:15:06.388Z"
  }
},
{
  "model": "sessions.session",
  "pk": "b1b8ptita0hrvkxj1fws72zv086eq0gy",
  "fields": {
    "session_data": "NjgyYWZiOTNlZTlkMDA2ZGZhNmVjZTM2ZjVhMjY2NGNmMmU4M2E5ZTp7ImdpdGh1Yl9zdGF0ZSI6IlI1TGc5YTZNdTBqYndHNWtsV0pvUWE5OEM3OTFBYUE4IiwiX2F1dGhfdXNlcl9pZCI6IjkiLCJfYXV0aF91c2VyX2JhY2tlbmQiOiJzb2NpYWxfY29yZS5iYWNrZW5kcy5naXRodWIuR2l0aHViT0F1dGgyIiwiX2F1dGhfdXNlcl9oYXNoIjoiMDBlYmMzMDk4YzRhYmViZDk4NzczY2U2MTU2NzVmZjZkYjI5Yjc2NSIsInNvY2lhbF9hdXRoX2xhc3RfbG9naW5fYmFja2VuZCI6ImdpdGh1YiJ9",
    "expire_date": "2019-11-27T07:49:26.025Z"
  }
},
{
  "model": "sessions.session",
  "pk": "b5abbv7o7pkjhhxflkio2wrg1cpfp8yd",
  "fields": {
    "session_data": "M2ZlZDU1MDE0OGVlMjFhNzFhYjJjOTE2NTEwZDNmZTY0YmJlMTUwMjp7Il9hdXRoX3VzZXJfaWQiOiIxIiwiX2F1dGhfdXNlcl9iYWNrZW5kIjoiZGphbmdvLmNvbnRyaWIuYXV0aC5iYWNrZW5kcy5Nb2RlbEJhY2tlbmQiLCJfYXV0aF91c2VyX2hhc2giOiJlZThkOWIwYjc5MTVhNWY3MzNhMDE4ZTZhOGZjYTY0MWNkM2EyNGNkIn0=",
    "expire_date": "2019-11-27T04:20:39.071Z"
  }
},
{
  "model": "sessions.session",
  "pk": "bqa1gebxoz3ei1sqj97ugheelmhjo6ag",
  "fields": {
    "session_data": "M2ZlZDU1MDE0OGVlMjFhNzFhYjJjOTE2NTEwZDNmZTY0YmJlMTUwMjp7Il9hdXRoX3VzZXJfaWQiOiIxIiwiX2F1dGhfdXNlcl9iYWNrZW5kIjoiZGphbmdvLmNvbnRyaWIuYXV0aC5iYWNrZW5kcy5Nb2RlbEJhY2tlbmQiLCJfYXV0aF91c2VyX2hhc2giOiJlZThkOWIwYjc5MTVhNWY3MzNhMDE4ZTZhOGZjYTY0MWNkM2EyNGNkIn0=",
    "expire_date": "2019-11-27T10:11:51.065Z"
  }
},
{
  "model": "sessions.session",
  "pk": "c291o35vhqmbpuldcn9noqvpk9s35g3b",
  "fields": {
    "session_data": "M2ZlZDU1MDE0OGVlMjFhNzFhYjJjOTE2NTEwZDNmZTY0YmJlMTUwMjp7Il9hdXRoX3VzZXJfaWQiOiIxIiwiX2F1dGhfdXNlcl9iYWNrZW5kIjoiZGphbmdvLmNvbnRyaWIuYXV0aC5iYWNrZW5kcy5Nb2RlbEJhY2tlbmQiLCJfYXV0aF91c2VyX2hhc2giOiJlZThkOWIwYjc5MTVhNWY3MzNhMDE4ZTZhOGZjYTY0MWNkM2EyNGNkIn0=",
    "expire_date": "2019-11-27T11:12:03.722Z"
  }
},
{
  "model": "sessions.session",
  "pk": "c66hop0vn69mernq2uuqw6n1e6y1ry3u",
  "fields": {
    "session_data": "MjBjZDEzY2ZiZTA1MTQyZjc2N2Y4NjBjZDViZGQ5MWJiNTZkMjQyNzp7fQ==",
    "expire_date": "2019-11-25T09:42:49.658Z"
  }
},
{
  "model": "sessions.session",
  "pk": "c8k6aetcsosixk2ojk2d4c00fsyk59xg",
  "fields": {
    "session_data": "M2ZlZDU1MDE0OGVlMjFhNzFhYjJjOTE2NTEwZDNmZTY0YmJlMTUwMjp7Il9hdXRoX3VzZXJfaWQiOiIxIiwiX2F1dGhfdXNlcl9iYWNrZW5kIjoiZGphbmdvLmNvbnRyaWIuYXV0aC5iYWNrZW5kcy5Nb2RlbEJhY2tlbmQiLCJfYXV0aF91c2VyX2hhc2giOiJlZThkOWIwYjc5MTVhNWY3MzNhMDE4ZTZhOGZjYTY0MWNkM2EyNGNkIn0=",
    "expire_date": "2019-11-27T12:18:00.363Z"
  }
},
{
  "model": "sessions.session",
  "pk": "cg76vo9soz9b5kbyn8ay3mpf5fprh04p",
  "fields": {
    "session_data": "M2ZlZDU1MDE0OGVlMjFhNzFhYjJjOTE2NTEwZDNmZTY0YmJlMTUwMjp7Il9hdXRoX3VzZXJfaWQiOiIxIiwiX2F1dGhfdXNlcl9iYWNrZW5kIjoiZGphbmdvLmNvbnRyaWIuYXV0aC5iYWNrZW5kcy5Nb2RlbEJhY2tlbmQiLCJfYXV0aF91c2VyX2hhc2giOiJlZThkOWIwYjc5MTVhNWY3MzNhMDE4ZTZhOGZjYTY0MWNkM2EyNGNkIn0=",
    "expire_date": "2019-11-25T11:14:18.627Z"
  }
},
{
  "model": "sessions.session",
  "pk": "d1jep0spi4u5cko6af3njwu9oklka4k6",
  "fields": {
    "session_data": "ZGE5MjMzOGM5MzZjYTBmOTJlYWEzMzBmOWFjMzdlYjM2MjJhNDhmMTp7Il9hdXRoX3VzZXJfaWQiOiI4IiwiX2F1dGhfdXNlcl9iYWNrZW5kIjoiZGphbmdvLmNvbnRyaWIuYXV0aC5iYWNrZW5kcy5Nb2RlbEJhY2tlbmQiLCJfYXV0aF91c2VyX2hhc2giOiIyOTViNTU3OTQ5NzE1YzRmNGM3ZWFlNGI3ZDlmNmU2YjVmM2Y0ODQ1In0=",
    "expire_date": "2019-11-27T06:36:14.330Z"
  }
},
{
  "model": "sessions.session",
  "pk": "deju1ycau0ocuyhsi745km99frsmd85l",
  "fields": {
    "session_data": "M2ZlZDU1MDE0OGVlMjFhNzFhYjJjOTE2NTEwZDNmZTY0YmJlMTUwMjp7Il9hdXRoX3VzZXJfaWQiOiIxIiwiX2F1dGhfdXNlcl9iYWNrZW5kIjoiZGphbmdvLmNvbnRyaWIuYXV0aC5iYWNrZW5kcy5Nb2RlbEJhY2tlbmQiLCJfYXV0aF91c2VyX2hhc2giOiJlZThkOWIwYjc5MTVhNWY3MzNhMDE4ZTZhOGZjYTY0MWNkM2EyNGNkIn0=",
    "expire_date": "2019-11-25T09:51:09.647Z"
  }
},
{
  "model": "sessions.session",
  "pk": "dq685iwln623br5cvbs80cw7suappzjn",
  "fields": {
    "session_data": "M2ZlZDU1MDE0OGVlMjFhNzFhYjJjOTE2NTEwZDNmZTY0YmJlMTUwMjp7Il9hdXRoX3VzZXJfaWQiOiIxIiwiX2F1dGhfdXNlcl9iYWNrZW5kIjoiZGphbmdvLmNvbnRyaWIuYXV0aC5iYWNrZW5kcy5Nb2RlbEJhY2tlbmQiLCJfYXV0aF91c2VyX2hhc2giOiJlZThkOWIwYjc5MTVhNWY3MzNhMDE4ZTZhOGZjYTY0MWNkM2EyNGNkIn0=",
    "expire_date": "2019-11-27T09:32:29.794Z"
  }
},
{
  "model": "sessions.session",
  "pk": "eu2805q3thlcgl3l8vuic77o1vzuh7zw",
  "fields": {
    "session_data": "M2ZlZDU1MDE0OGVlMjFhNzFhYjJjOTE2NTEwZDNmZTY0YmJlMTUwMjp7Il9hdXRoX3VzZXJfaWQiOiIxIiwiX2F1dGhfdXNlcl9iYWNrZW5kIjoiZGphbmdvLmNvbnRyaWIuYXV0aC5iYWNrZW5kcy5Nb2RlbEJhY2tlbmQiLCJfYXV0aF91c2VyX2hhc2giOiJlZThkOWIwYjc5MTVhNWY3MzNhMDE4ZTZhOGZjYTY0MWNkM2EyNGNkIn0=",
    "expire_date": "2019-11-27T11:10:35.516Z"
  }
},
{
  "model": "sessions.session",
  "pk": "euk76fo7hqehg4mmis2v0v4633q25g92",
  "fields": {
    "session_data": "M2ZlZDU1MDE0OGVlMjFhNzFhYjJjOTE2NTEwZDNmZTY0YmJlMTUwMjp7Il9hdXRoX3VzZXJfaWQiOiIxIiwiX2F1dGhfdXNlcl9iYWNrZW5kIjoiZGphbmdvLmNvbnRyaWIuYXV0aC5iYWNrZW5kcy5Nb2RlbEJhY2tlbmQiLCJfYXV0aF91c2VyX2hhc2giOiJlZThkOWIwYjc5MTVhNWY3MzNhMDE4ZTZhOGZjYTY0MWNkM2EyNGNkIn0=",
    "expire_date": "2019-11-25T09:41:58.212Z"
  }
},
{
  "model": "sessions.session",
  "pk": "f2sca4f2fl9esswrz2ew34qn6nrw63fv",
  "fields": {
    "session_data": "M2ZlZDU1MDE0OGVlMjFhNzFhYjJjOTE2NTEwZDNmZTY0YmJlMTUwMjp7Il9hdXRoX3VzZXJfaWQiOiIxIiwiX2F1dGhfdXNlcl9iYWNrZW5kIjoiZGphbmdvLmNvbnRyaWIuYXV0aC5iYWNrZW5kcy5Nb2RlbEJhY2tlbmQiLCJfYXV0aF91c2VyX2hhc2giOiJlZThkOWIwYjc5MTVhNWY3MzNhMDE4ZTZhOGZjYTY0MWNkM2EyNGNkIn0=",
    "expire_date": "2019-11-27T04:22:10.271Z"
  }
},
{
  "model": "sessions.session",
  "pk": "fi6usyu581vjilvuauwl2u9ls83m7e91",
  "fields": {
    "session_data": "M2ZlZDU1MDE0OGVlMjFhNzFhYjJjOTE2NTEwZDNmZTY0YmJlMTUwMjp7Il9hdXRoX3VzZXJfaWQiOiIxIiwiX2F1dGhfdXNlcl9iYWNrZW5kIjoiZGphbmdvLmNvbnRyaWIuYXV0aC5iYWNrZW5kcy5Nb2RlbEJhY2tlbmQiLCJfYXV0aF91c2VyX2hhc2giOiJlZThkOWIwYjc5MTVhNWY3MzNhMDE4ZTZhOGZjYTY0MWNkM2EyNGNkIn0=",
    "expire_date": "2019-11-27T04:25:55.375Z"
  }
},
{
  "model": "sessions.session",
  "pk": "fits40a2erjttgzywnoat5dm3c05e1t2",
  "fields": {
    "session_data": "M2ZlZDU1MDE0OGVlMjFhNzFhYjJjOTE2NTEwZDNmZTY0YmJlMTUwMjp7Il9hdXRoX3VzZXJfaWQiOiIxIiwiX2F1dGhfdXNlcl9iYWNrZW5kIjoiZGphbmdvLmNvbnRyaWIuYXV0aC5iYWNrZW5kcy5Nb2RlbEJhY2tlbmQiLCJfYXV0aF91c2VyX2hhc2giOiJlZThkOWIwYjc5MTVhNWY3MzNhMDE4ZTZhOGZjYTY0MWNkM2EyNGNkIn0=",
    "expire_date": "2019-11-27T12:52:41.748Z"
  }
},
{
  "model": "sessions.session",
  "pk": "fky4nomqzx43m2m6i154c80o20ehq6bt",
  "fields": {
    "session_data": "MjBjZDEzY2ZiZTA1MTQyZjc2N2Y4NjBjZDViZGQ5MWJiNTZkMjQyNzp7fQ==",
    "expire_date": "2019-11-25T09:46:34.582Z"
  }
},
{
  "model": "sessions.session",
  "pk": "fofgbdbb6cr7i9fgfgszhjzy4wxu7qjb",
  "fields": {
    "session_data": "M2ZlZDU1MDE0OGVlMjFhNzFhYjJjOTE2NTEwZDNmZTY0YmJlMTUwMjp7Il9hdXRoX3VzZXJfaWQiOiIxIiwiX2F1dGhfdXNlcl9iYWNrZW5kIjoiZGphbmdvLmNvbnRyaWIuYXV0aC5iYWNrZW5kcy5Nb2RlbEJhY2tlbmQiLCJfYXV0aF91c2VyX2hhc2giOiJlZThkOWIwYjc5MTVhNWY3MzNhMDE4ZTZhOGZjYTY0MWNkM2EyNGNkIn0=",
    "expire_date": "2019-11-25T09:43:15.788Z"
  }
},
{
  "model": "sessions.session",
  "pk": "g0w1fad9v0diy0ncsqr4lsp2xhiiuzm4",
  "fields": {
    "session_data": "M2ZlZDU1MDE0OGVlMjFhNzFhYjJjOTE2NTEwZDNmZTY0YmJlMTUwMjp7Il9hdXRoX3VzZXJfaWQiOiIxIiwiX2F1dGhfdXNlcl9iYWNrZW5kIjoiZGphbmdvLmNvbnRyaWIuYXV0aC5iYWNrZW5kcy5Nb2RlbEJhY2tlbmQiLCJfYXV0aF91c2VyX2hhc2giOiJlZThkOWIwYjc5MTVhNWY3MzNhMDE4ZTZhOGZjYTY0MWNkM2EyNGNkIn0=",
    "expire_date": "2019-11-27T11:16:54.202Z"
  }
},
{
  "model": "sessions.session",
  "pk": "g7kpmlfunlbvm497h1vwg107nq23z5to",
  "fields": {
    "session_data": "M2ZlZDU1MDE0OGVlMjFhNzFhYjJjOTE2NTEwZDNmZTY0YmJlMTUwMjp7Il9hdXRoX3VzZXJfaWQiOiIxIiwiX2F1dGhfdXNlcl9iYWNrZW5kIjoiZGphbmdvLmNvbnRyaWIuYXV0aC5iYWNrZW5kcy5Nb2RlbEJhY2tlbmQiLCJfYXV0aF91c2VyX2hhc2giOiJlZThkOWIwYjc5MTVhNWY3MzNhMDE4ZTZhOGZjYTY0MWNkM2EyNGNkIn0=",
    "expire_date": "2019-11-20T04:57:26.190Z"
  }
},
{
  "model": "sessions.session",
  "pk": "geq3nuao4surkn4ur0ini2vr9npvjkrz",
  "fields": {
    "session_data": "M2ZlZDU1MDE0OGVlMjFhNzFhYjJjOTE2NTEwZDNmZTY0YmJlMTUwMjp7Il9hdXRoX3VzZXJfaWQiOiIxIiwiX2F1dGhfdXNlcl9iYWNrZW5kIjoiZGphbmdvLmNvbnRyaWIuYXV0aC5iYWNrZW5kcy5Nb2RlbEJhY2tlbmQiLCJfYXV0aF91c2VyX2hhc2giOiJlZThkOWIwYjc5MTVhNWY3MzNhMDE4ZTZhOGZjYTY0MWNkM2EyNGNkIn0=",
    "expire_date": "2019-11-27T04:48:31.870Z"
  }
},
{
  "model": "sessions.session",
  "pk": "gnojl955q0bjx4bl33kk52k9iqjxa97z",
  "fields": {
    "session_data": "M2ZlZDU1MDE0OGVlMjFhNzFhYjJjOTE2NTEwZDNmZTY0YmJlMTUwMjp7Il9hdXRoX3VzZXJfaWQiOiIxIiwiX2F1dGhfdXNlcl9iYWNrZW5kIjoiZGphbmdvLmNvbnRyaWIuYXV0aC5iYWNrZW5kcy5Nb2RlbEJhY2tlbmQiLCJfYXV0aF91c2VyX2hhc2giOiJlZThkOWIwYjc5MTVhNWY3MzNhMDE4ZTZhOGZjYTY0MWNkM2EyNGNkIn0=",
    "expire_date": "2019-11-27T10:22:13.049Z"
  }
},
{
  "model": "sessions.session",
  "pk": "h9z4keg5o67gezgozuvw8j9b8xptgev5",
  "fields": {
    "session_data": "M2ZlZDU1MDE0OGVlMjFhNzFhYjJjOTE2NTEwZDNmZTY0YmJlMTUwMjp7Il9hdXRoX3VzZXJfaWQiOiIxIiwiX2F1dGhfdXNlcl9iYWNrZW5kIjoiZGphbmdvLmNvbnRyaWIuYXV0aC5iYWNrZW5kcy5Nb2RlbEJhY2tlbmQiLCJfYXV0aF91c2VyX2hhc2giOiJlZThkOWIwYjc5MTVhNWY3MzNhMDE4ZTZhOGZjYTY0MWNkM2EyNGNkIn0=",
    "expire_date": "2019-11-27T11:15:33.797Z"
  }
},
{
  "model": "sessions.session",
  "pk": "hku8vflchew01a55begpegwfeigjkfzu",
  "fields": {
    "session_data": "M2ZlZDU1MDE0OGVlMjFhNzFhYjJjOTE2NTEwZDNmZTY0YmJlMTUwMjp7Il9hdXRoX3VzZXJfaWQiOiIxIiwiX2F1dGhfdXNlcl9iYWNrZW5kIjoiZGphbmdvLmNvbnRyaWIuYXV0aC5iYWNrZW5kcy5Nb2RlbEJhY2tlbmQiLCJfYXV0aF91c2VyX2hhc2giOiJlZThkOWIwYjc5MTVhNWY3MzNhMDE4ZTZhOGZjYTY0MWNkM2EyNGNkIn0=",
    "expire_date": "2019-11-27T10:07:43.363Z"
  }
},
{
  "model": "sessions.session",
  "pk": "hl2tjaq8o7lqnclio0knwct9gfvnmlwi",
  "fields": {
    "session_data": "M2ZlZDU1MDE0OGVlMjFhNzFhYjJjOTE2NTEwZDNmZTY0YmJlMTUwMjp7Il9hdXRoX3VzZXJfaWQiOiIxIiwiX2F1dGhfdXNlcl9iYWNrZW5kIjoiZGphbmdvLmNvbnRyaWIuYXV0aC5iYWNrZW5kcy5Nb2RlbEJhY2tlbmQiLCJfYXV0aF91c2VyX2hhc2giOiJlZThkOWIwYjc5MTVhNWY3MzNhMDE4ZTZhOGZjYTY0MWNkM2EyNGNkIn0=",
    "expire_date": "2019-11-27T11:36:03.759Z"
  }
},
{
  "model": "sessions.session",
  "pk": "hulybzt4iwgreff1m1585fy6g87tlxa3",
  "fields": {
    "session_data": "M2ZlZDU1MDE0OGVlMjFhNzFhYjJjOTE2NTEwZDNmZTY0YmJlMTUwMjp7Il9hdXRoX3VzZXJfaWQiOiIxIiwiX2F1dGhfdXNlcl9iYWNrZW5kIjoiZGphbmdvLmNvbnRyaWIuYXV0aC5iYWNrZW5kcy5Nb2RlbEJhY2tlbmQiLCJfYXV0aF91c2VyX2hhc2giOiJlZThkOWIwYjc5MTVhNWY3MzNhMDE4ZTZhOGZjYTY0MWNkM2EyNGNkIn0=",
    "expire_date": "2019-11-27T08:56:26.497Z"
  }
},
{
  "model": "sessions.session",
  "pk": "hxj2dwphdeiwl7rzaldmmkr5s8pxmemb",
  "fields": {
    "session_data": "M2ZlZDU1MDE0OGVlMjFhNzFhYjJjOTE2NTEwZDNmZTY0YmJlMTUwMjp7Il9hdXRoX3VzZXJfaWQiOiIxIiwiX2F1dGhfdXNlcl9iYWNrZW5kIjoiZGphbmdvLmNvbnRyaWIuYXV0aC5iYWNrZW5kcy5Nb2RlbEJhY2tlbmQiLCJfYXV0aF91c2VyX2hhc2giOiJlZThkOWIwYjc5MTVhNWY3MzNhMDE4ZTZhOGZjYTY0MWNkM2EyNGNkIn0=",
    "expire_date": "2019-11-27T04:20:23.958Z"
  }
},
{
  "model": "sessions.session",
  "pk": "i8h6ov4fgwb41t38cb9284q0akzhyo4p",
  "fields": {
    "session_data": "M2ZlZDU1MDE0OGVlMjFhNzFhYjJjOTE2NTEwZDNmZTY0YmJlMTUwMjp7Il9hdXRoX3VzZXJfaWQiOiIxIiwiX2F1dGhfdXNlcl9iYWNrZW5kIjoiZGphbmdvLmNvbnRyaWIuYXV0aC5iYWNrZW5kcy5Nb2RlbEJhY2tlbmQiLCJfYXV0aF91c2VyX2hhc2giOiJlZThkOWIwYjc5MTVhNWY3MzNhMDE4ZTZhOGZjYTY0MWNkM2EyNGNkIn0=",
    "expire_date": "2019-11-27T12:34:17.989Z"
  }
},
{
  "model": "sessions.session",
  "pk": "ioph41lrbhv35ym9vkc3fay9mb20z3lp",
  "fields": {
    "session_data": "M2ZlZDU1MDE0OGVlMjFhNzFhYjJjOTE2NTEwZDNmZTY0YmJlMTUwMjp7Il9hdXRoX3VzZXJfaWQiOiIxIiwiX2F1dGhfdXNlcl9iYWNrZW5kIjoiZGphbmdvLmNvbnRyaWIuYXV0aC5iYWNrZW5kcy5Nb2RlbEJhY2tlbmQiLCJfYXV0aF91c2VyX2hhc2giOiJlZThkOWIwYjc5MTVhNWY3MzNhMDE4ZTZhOGZjYTY0MWNkM2EyNGNkIn0=",
    "expire_date": "2019-11-27T04:26:50.734Z"
  }
},
{
  "model": "sessions.session",
  "pk": "j3lsaysroqc4pw0k6s8hr8bba069azqb",
  "fields": {
    "session_data": "ZjNlOWZjM2Q5OWE5YWQ2MjYyMGQ2MmVlNjQ5NmFjN2E1NTA3ZDAzNzp7Il9hdXRoX3VzZXJfaWQiOiIyIiwiX2F1dGhfdXNlcl9iYWNrZW5kIjoiZGphbmdvLmNvbnRyaWIuYXV0aC5iYWNrZW5kcy5Nb2RlbEJhY2tlbmQiLCJfYXV0aF91c2VyX2hhc2giOiJiODNkMjZhMDlmOTlhMTNiY2YwOWYyYTY5NmViYzVmM2JjN2IzNGEzIn0=",
    "expire_date": "2019-11-27T05:38:40.322Z"
  }
},
{
  "model": "sessions.session",
  "pk": "j42lbrnya1nhyff3ikl246xudlyvfuit",
  "fields": {
    "session_data": "M2ZlZDU1MDE0OGVlMjFhNzFhYjJjOTE2NTEwZDNmZTY0YmJlMTUwMjp7Il9hdXRoX3VzZXJfaWQiOiIxIiwiX2F1dGhfdXNlcl9iYWNrZW5kIjoiZGphbmdvLmNvbnRyaWIuYXV0aC5iYWNrZW5kcy5Nb2RlbEJhY2tlbmQiLCJfYXV0aF91c2VyX2hhc2giOiJlZThkOWIwYjc5MTVhNWY3MzNhMDE4ZTZhOGZjYTY0MWNkM2EyNGNkIn0=",
    "expire_date": "2019-11-27T09:37:59.375Z"
  }
},
{
  "model": "sessions.session",
  "pk": "j5n9pf5artf2xcxywkmai8spr6r3srkd",
  "fields": {
    "session_data": "M2ZlZDU1MDE0OGVlMjFhNzFhYjJjOTE2NTEwZDNmZTY0YmJlMTUwMjp7Il9hdXRoX3VzZXJfaWQiOiIxIiwiX2F1dGhfdXNlcl9iYWNrZW5kIjoiZGphbmdvLmNvbnRyaWIuYXV0aC5iYWNrZW5kcy5Nb2RlbEJhY2tlbmQiLCJfYXV0aF91c2VyX2hhc2giOiJlZThkOWIwYjc5MTVhNWY3MzNhMDE4ZTZhOGZjYTY0MWNkM2EyNGNkIn0=",
    "expire_date": "2019-11-27T04:07:12.653Z"
  }
},
{
  "model": "sessions.session",
  "pk": "j771lq4ju2dr7w5na55vdjckm7i72522",
  "fields": {
    "session_data": "M2ZlZDU1MDE0OGVlMjFhNzFhYjJjOTE2NTEwZDNmZTY0YmJlMTUwMjp7Il9hdXRoX3VzZXJfaWQiOiIxIiwiX2F1dGhfdXNlcl9iYWNrZW5kIjoiZGphbmdvLmNvbnRyaWIuYXV0aC5iYWNrZW5kcy5Nb2RlbEJhY2tlbmQiLCJfYXV0aF91c2VyX2hhc2giOiJlZThkOWIwYjc5MTVhNWY3MzNhMDE4ZTZhOGZjYTY0MWNkM2EyNGNkIn0=",
    "expire_date": "2019-11-25T09:32:20.909Z"
  }
},
{
  "model": "sessions.session",
  "pk": "ja1uudqet73ce41ckojsg212j2pruqt6",
  "fields": {
    "session_data": "M2ZlZDU1MDE0OGVlMjFhNzFhYjJjOTE2NTEwZDNmZTY0YmJlMTUwMjp7Il9hdXRoX3VzZXJfaWQiOiIxIiwiX2F1dGhfdXNlcl9iYWNrZW5kIjoiZGphbmdvLmNvbnRyaWIuYXV0aC5iYWNrZW5kcy5Nb2RlbEJhY2tlbmQiLCJfYXV0aF91c2VyX2hhc2giOiJlZThkOWIwYjc5MTVhNWY3MzNhMDE4ZTZhOGZjYTY0MWNkM2EyNGNkIn0=",
    "expire_date": "2019-11-27T08:48:36.736Z"
  }
},
{
  "model": "sessions.session",
  "pk": "jh0in5yalh2nfyqgn9tdilb4rrwigqu5",
  "fields": {
    "session_data": "M2ZlZDU1MDE0OGVlMjFhNzFhYjJjOTE2NTEwZDNmZTY0YmJlMTUwMjp7Il9hdXRoX3VzZXJfaWQiOiIxIiwiX2F1dGhfdXNlcl9iYWNrZW5kIjoiZGphbmdvLmNvbnRyaWIuYXV0aC5iYWNrZW5kcy5Nb2RlbEJhY2tlbmQiLCJfYXV0aF91c2VyX2hhc2giOiJlZThkOWIwYjc5MTVhNWY3MzNhMDE4ZTZhOGZjYTY0MWNkM2EyNGNkIn0=",
    "expire_date": "2019-11-25T09:08:31.483Z"
  }
},
{
  "model": "sessions.session",
  "pk": "jj6702b7pxl5umzhlkgrzdfz37mmajs5",
  "fields": {
    "session_data": "M2ZlZDU1MDE0OGVlMjFhNzFhYjJjOTE2NTEwZDNmZTY0YmJlMTUwMjp7Il9hdXRoX3VzZXJfaWQiOiIxIiwiX2F1dGhfdXNlcl9iYWNrZW5kIjoiZGphbmdvLmNvbnRyaWIuYXV0aC5iYWNrZW5kcy5Nb2RlbEJhY2tlbmQiLCJfYXV0aF91c2VyX2hhc2giOiJlZThkOWIwYjc5MTVhNWY3MzNhMDE4ZTZhOGZjYTY0MWNkM2EyNGNkIn0=",
    "expire_date": "2019-11-25T09:11:48.453Z"
  }
},
{
  "model": "sessions.session",
  "pk": "jomnvxufts47gihhhr9fgydi3u7nwkvd",
  "fields": {
    "session_data": "M2ZlZDU1MDE0OGVlMjFhNzFhYjJjOTE2NTEwZDNmZTY0YmJlMTUwMjp7Il9hdXRoX3VzZXJfaWQiOiIxIiwiX2F1dGhfdXNlcl9iYWNrZW5kIjoiZGphbmdvLmNvbnRyaWIuYXV0aC5iYWNrZW5kcy5Nb2RlbEJhY2tlbmQiLCJfYXV0aF91c2VyX2hhc2giOiJlZThkOWIwYjc5MTVhNWY3MzNhMDE4ZTZhOGZjYTY0MWNkM2EyNGNkIn0=",
    "expire_date": "2019-11-25T09:46:34.348Z"
  }
},
{
  "model": "sessions.session",
  "pk": "juq33lxvl6dyq18vqtezp7ums90brvgh",
  "fields": {
    "session_data": "M2ZlZDU1MDE0OGVlMjFhNzFhYjJjOTE2NTEwZDNmZTY0YmJlMTUwMjp7Il9hdXRoX3VzZXJfaWQiOiIxIiwiX2F1dGhfdXNlcl9iYWNrZW5kIjoiZGphbmdvLmNvbnRyaWIuYXV0aC5iYWNrZW5kcy5Nb2RlbEJhY2tlbmQiLCJfYXV0aF91c2VyX2hhc2giOiJlZThkOWIwYjc5MTVhNWY3MzNhMDE4ZTZhOGZjYTY0MWNkM2EyNGNkIn0=",
    "expire_date": "2019-11-25T09:10:05.306Z"
  }
},
{
  "model": "sessions.session",
  "pk": "k9nj3t9fa0ax2tvt5focd2tmzlwsbeii",
  "fields": {
    "session_data": "M2ZlZDU1MDE0OGVlMjFhNzFhYjJjOTE2NTEwZDNmZTY0YmJlMTUwMjp7Il9hdXRoX3VzZXJfaWQiOiIxIiwiX2F1dGhfdXNlcl9iYWNrZW5kIjoiZGphbmdvLmNvbnRyaWIuYXV0aC5iYWNrZW5kcy5Nb2RlbEJhY2tlbmQiLCJfYXV0aF91c2VyX2hhc2giOiJlZThkOWIwYjc5MTVhNWY3MzNhMDE4ZTZhOGZjYTY0MWNkM2EyNGNkIn0=",
    "expire_date": "2019-11-27T09:22:22.401Z"
  }
},
{
  "model": "sessions.session",
  "pk": "kdshjuugqe33hllysngquadz2sv19lba",
  "fields": {
    "session_data": "M2ZlZDU1MDE0OGVlMjFhNzFhYjJjOTE2NTEwZDNmZTY0YmJlMTUwMjp7Il9hdXRoX3VzZXJfaWQiOiIxIiwiX2F1dGhfdXNlcl9iYWNrZW5kIjoiZGphbmdvLmNvbnRyaWIuYXV0aC5iYWNrZW5kcy5Nb2RlbEJhY2tlbmQiLCJfYXV0aF91c2VyX2hhc2giOiJlZThkOWIwYjc5MTVhNWY3MzNhMDE4ZTZhOGZjYTY0MWNkM2EyNGNkIn0=",
    "expire_date": "2019-11-27T09:10:56.431Z"
  }
},
{
  "model": "sessions.session",
  "pk": "kg3lb61p8bkt100o5w89phhlcbfsovl0",
  "fields": {
    "session_data": "ZGE5MjMzOGM5MzZjYTBmOTJlYWEzMzBmOWFjMzdlYjM2MjJhNDhmMTp7Il9hdXRoX3VzZXJfaWQiOiI4IiwiX2F1dGhfdXNlcl9iYWNrZW5kIjoiZGphbmdvLmNvbnRyaWIuYXV0aC5iYWNrZW5kcy5Nb2RlbEJhY2tlbmQiLCJfYXV0aF91c2VyX2hhc2giOiIyOTViNTU3OTQ5NzE1YzRmNGM3ZWFlNGI3ZDlmNmU2YjVmM2Y0ODQ1In0=",
    "expire_date": "2019-11-27T06:31:23.569Z"
  }
},
{
  "model": "sessions.session",
  "pk": "ksmt5gv6xwrcpdo8jjoogqxt7lr6ydqa",
  "fields": {
    "session_data": "M2ZlZDU1MDE0OGVlMjFhNzFhYjJjOTE2NTEwZDNmZTY0YmJlMTUwMjp7Il9hdXRoX3VzZXJfaWQiOiIxIiwiX2F1dGhfdXNlcl9iYWNrZW5kIjoiZGphbmdvLmNvbnRyaWIuYXV0aC5iYWNrZW5kcy5Nb2RlbEJhY2tlbmQiLCJfYXV0aF91c2VyX2hhc2giOiJlZThkOWIwYjc5MTVhNWY3MzNhMDE4ZTZhOGZjYTY0MWNkM2EyNGNkIn0=",
    "expire_date": "2019-11-27T08:54:12.921Z"
  }
},
{
  "model": "sessions.session",
  "pk": "l6b3b20i47rew2ex8q3mhw18fzs2e2bo",
  "fields": {
    "session_data": "M2ZlZDU1MDE0OGVlMjFhNzFhYjJjOTE2NTEwZDNmZTY0YmJlMTUwMjp7Il9hdXRoX3VzZXJfaWQiOiIxIiwiX2F1dGhfdXNlcl9iYWNrZW5kIjoiZGphbmdvLmNvbnRyaWIuYXV0aC5iYWNrZW5kcy5Nb2RlbEJhY2tlbmQiLCJfYXV0aF91c2VyX2hhc2giOiJlZThkOWIwYjc5MTVhNWY3MzNhMDE4ZTZhOGZjYTY0MWNkM2EyNGNkIn0=",
    "expire_date": "2019-11-27T04:10:00.267Z"
  }
},
{
  "model": "sessions.session",
  "pk": "lc1dc22x7jv0c39qamm19wog7xoge0cx",
  "fields": {
    "session_data": "M2ZlZDU1MDE0OGVlMjFhNzFhYjJjOTE2NTEwZDNmZTY0YmJlMTUwMjp7Il9hdXRoX3VzZXJfaWQiOiIxIiwiX2F1dGhfdXNlcl9iYWNrZW5kIjoiZGphbmdvLmNvbnRyaWIuYXV0aC5iYWNrZW5kcy5Nb2RlbEJhY2tlbmQiLCJfYXV0aF91c2VyX2hhc2giOiJlZThkOWIwYjc5MTVhNWY3MzNhMDE4ZTZhOGZjYTY0MWNkM2EyNGNkIn0=",
    "expire_date": "2019-11-27T08:52:58.945Z"
  }
},
{
  "model": "sessions.session",
  "pk": "lep7jaugb4htplvzt05pguhtfea9jffp",
  "fields": {
    "session_data": "M2ZlZDU1MDE0OGVlMjFhNzFhYjJjOTE2NTEwZDNmZTY0YmJlMTUwMjp7Il9hdXRoX3VzZXJfaWQiOiIxIiwiX2F1dGhfdXNlcl9iYWNrZW5kIjoiZGphbmdvLmNvbnRyaWIuYXV0aC5iYWNrZW5kcy5Nb2RlbEJhY2tlbmQiLCJfYXV0aF91c2VyX2hhc2giOiJlZThkOWIwYjc5MTVhNWY3MzNhMDE4ZTZhOGZjYTY0MWNkM2EyNGNkIn0=",
    "expire_date": "2019-11-27T08:54:24.819Z"
  }
},
{
  "model": "sessions.session",
  "pk": "lqxpaibjge0572zjlc2t9huq6q6ypmvz",
  "fields": {
    "session_data": "M2ZlZDU1MDE0OGVlMjFhNzFhYjJjOTE2NTEwZDNmZTY0YmJlMTUwMjp7Il9hdXRoX3VzZXJfaWQiOiIxIiwiX2F1dGhfdXNlcl9iYWNrZW5kIjoiZGphbmdvLmNvbnRyaWIuYXV0aC5iYWNrZW5kcy5Nb2RlbEJhY2tlbmQiLCJfYXV0aF91c2VyX2hhc2giOiJlZThkOWIwYjc5MTVhNWY3MzNhMDE4ZTZhOGZjYTY0MWNkM2EyNGNkIn0=",
    "expire_date": "2019-11-25T09:03:29.388Z"
  }
},
{
  "model": "sessions.session",
  "pk": "luchenh6p7fgp9gngwwad1q67a2oeww2",
  "fields": {
    "session_data": "M2ZlZDU1MDE0OGVlMjFhNzFhYjJjOTE2NTEwZDNmZTY0YmJlMTUwMjp7Il9hdXRoX3VzZXJfaWQiOiIxIiwiX2F1dGhfdXNlcl9iYWNrZW5kIjoiZGphbmdvLmNvbnRyaWIuYXV0aC5iYWNrZW5kcy5Nb2RlbEJhY2tlbmQiLCJfYXV0aF91c2VyX2hhc2giOiJlZThkOWIwYjc5MTVhNWY3MzNhMDE4ZTZhOGZjYTY0MWNkM2EyNGNkIn0=",
    "expire_date": "2019-11-27T09:38:10.990Z"
  }
},
{
  "model": "sessions.session",
  "pk": "m07dey37dj25kc0o90d2cu1ii75o7ldq",
  "fields": {
    "session_data": "M2ZlZDU1MDE0OGVlMjFhNzFhYjJjOTE2NTEwZDNmZTY0YmJlMTUwMjp7Il9hdXRoX3VzZXJfaWQiOiIxIiwiX2F1dGhfdXNlcl9iYWNrZW5kIjoiZGphbmdvLmNvbnRyaWIuYXV0aC5iYWNrZW5kcy5Nb2RlbEJhY2tlbmQiLCJfYXV0aF91c2VyX2hhc2giOiJlZThkOWIwYjc5MTVhNWY3MzNhMDE4ZTZhOGZjYTY0MWNkM2EyNGNkIn0=",
    "expire_date": "2019-11-25T09:39:32.911Z"
  }
},
{
  "model": "sessions.session",
  "pk": "m4qcvup2m131ck3yqbwunob727a6l3tb",
  "fields": {
    "session_data": "M2ZlZDU1MDE0OGVlMjFhNzFhYjJjOTE2NTEwZDNmZTY0YmJlMTUwMjp7Il9hdXRoX3VzZXJfaWQiOiIxIiwiX2F1dGhfdXNlcl9iYWNrZW5kIjoiZGphbmdvLmNvbnRyaWIuYXV0aC5iYWNrZW5kcy5Nb2RlbEJhY2tlbmQiLCJfYXV0aF91c2VyX2hhc2giOiJlZThkOWIwYjc5MTVhNWY3MzNhMDE4ZTZhOGZjYTY0MWNkM2EyNGNkIn0=",
    "expire_date": "2019-11-27T04:19:58.615Z"
  }
},
{
  "model": "sessions.session",
  "pk": "me969iy26ytk5t3txokgmloxe2yhw0g9",
  "fields": {
    "session_data": "ZGE5MjMzOGM5MzZjYTBmOTJlYWEzMzBmOWFjMzdlYjM2MjJhNDhmMTp7Il9hdXRoX3VzZXJfaWQiOiI4IiwiX2F1dGhfdXNlcl9iYWNrZW5kIjoiZGphbmdvLmNvbnRyaWIuYXV0aC5iYWNrZW5kcy5Nb2RlbEJhY2tlbmQiLCJfYXV0aF91c2VyX2hhc2giOiIyOTViNTU3OTQ5NzE1YzRmNGM3ZWFlNGI3ZDlmNmU2YjVmM2Y0ODQ1In0=",
    "expire_date": "2019-11-27T06:25:23.671Z"
  }
},
{
  "model": "sessions.session",
  "pk": "minzd47pkx57dd0jqzcqb1ad245h79wc",
  "fields": {
    "session_data": "M2ZlZDU1MDE0OGVlMjFhNzFhYjJjOTE2NTEwZDNmZTY0YmJlMTUwMjp7Il9hdXRoX3VzZXJfaWQiOiIxIiwiX2F1dGhfdXNlcl9iYWNrZW5kIjoiZGphbmdvLmNvbnRyaWIuYXV0aC5iYWNrZW5kcy5Nb2RlbEJhY2tlbmQiLCJfYXV0aF91c2VyX2hhc2giOiJlZThkOWIwYjc5MTVhNWY3MzNhMDE4ZTZhOGZjYTY0MWNkM2EyNGNkIn0=",
    "expire_date": "2019-11-27T11:28:36.021Z"
  }
},
{
  "model": "sessions.session",
  "pk": "mm2h2uvlonbljljqf85z03hendxraetp",
  "fields": {
    "session_data": "M2ZlZDU1MDE0OGVlMjFhNzFhYjJjOTE2NTEwZDNmZTY0YmJlMTUwMjp7Il9hdXRoX3VzZXJfaWQiOiIxIiwiX2F1dGhfdXNlcl9iYWNrZW5kIjoiZGphbmdvLmNvbnRyaWIuYXV0aC5iYWNrZW5kcy5Nb2RlbEJhY2tlbmQiLCJfYXV0aF91c2VyX2hhc2giOiJlZThkOWIwYjc5MTVhNWY3MzNhMDE4ZTZhOGZjYTY0MWNkM2EyNGNkIn0=",
    "expire_date": "2019-11-27T04:17:09.658Z"
  }
},
{
  "model": "sessions.session",
  "pk": "mufgztmw2sgvucrf8imv67m61juk340t",
  "fields": {
    "session_data": "M2ZlZDU1MDE0OGVlMjFhNzFhYjJjOTE2NTEwZDNmZTY0YmJlMTUwMjp7Il9hdXRoX3VzZXJfaWQiOiIxIiwiX2F1dGhfdXNlcl9iYWNrZW5kIjoiZGphbmdvLmNvbnRyaWIuYXV0aC5iYWNrZW5kcy5Nb2RlbEJhY2tlbmQiLCJfYXV0aF91c2VyX2hhc2giOiJlZThkOWIwYjc5MTVhNWY3MzNhMDE4ZTZhOGZjYTY0MWNkM2EyNGNkIn0=",
    "expire_date": "2019-11-27T12:30:11.830Z"
  }
},
{
  "model": "sessions.session",
  "pk": "mwicbja0hr5pgz2zuedp85wwtw9n5zzd",
  "fields": {
    "session_data": "M2ZlZDU1MDE0OGVlMjFhNzFhYjJjOTE2NTEwZDNmZTY0YmJlMTUwMjp7Il9hdXRoX3VzZXJfaWQiOiIxIiwiX2F1dGhfdXNlcl9iYWNrZW5kIjoiZGphbmdvLmNvbnRyaWIuYXV0aC5iYWNrZW5kcy5Nb2RlbEJhY2tlbmQiLCJfYXV0aF91c2VyX2hhc2giOiJlZThkOWIwYjc5MTVhNWY3MzNhMDE4ZTZhOGZjYTY0MWNkM2EyNGNkIn0=",
    "expire_date": "2019-11-27T11:16:41.564Z"
  }
},
{
  "model": "sessions.session",
  "pk": "mx0flbmsgmdwa5y2rlbyuxh5wfwa3m7d",
  "fields": {
    "session_data": "M2ZlZDU1MDE0OGVlMjFhNzFhYjJjOTE2NTEwZDNmZTY0YmJlMTUwMjp7Il9hdXRoX3VzZXJfaWQiOiIxIiwiX2F1dGhfdXNlcl9iYWNrZW5kIjoiZGphbmdvLmNvbnRyaWIuYXV0aC5iYWNrZW5kcy5Nb2RlbEJhY2tlbmQiLCJfYXV0aF91c2VyX2hhc2giOiJlZThkOWIwYjc5MTVhNWY3MzNhMDE4ZTZhOGZjYTY0MWNkM2EyNGNkIn0=",
    "expire_date": "2019-11-27T11:48:33.044Z"
  }
},
{
  "model": "sessions.session",
  "pk": "mz4g5am06q0ry12ldr33hcdfdozfeskf",
  "fields": {
    "session_data": "M2ZlZDU1MDE0OGVlMjFhNzFhYjJjOTE2NTEwZDNmZTY0YmJlMTUwMjp7Il9hdXRoX3VzZXJfaWQiOiIxIiwiX2F1dGhfdXNlcl9iYWNrZW5kIjoiZGphbmdvLmNvbnRyaWIuYXV0aC5iYWNrZW5kcy5Nb2RlbEJhY2tlbmQiLCJfYXV0aF91c2VyX2hhc2giOiJlZThkOWIwYjc5MTVhNWY3MzNhMDE4ZTZhOGZjYTY0MWNkM2EyNGNkIn0=",
    "expire_date": "2019-11-25T09:40:34.734Z"
  }
},
{
  "model": "sessions.session",
  "pk": "n7fn5gu535qccu2sq6lpsw8fbtpa9ld3",
  "fields": {
    "session_data": "M2ZlZDU1MDE0OGVlMjFhNzFhYjJjOTE2NTEwZDNmZTY0YmJlMTUwMjp7Il9hdXRoX3VzZXJfaWQiOiIxIiwiX2F1dGhfdXNlcl9iYWNrZW5kIjoiZGphbmdvLmNvbnRyaWIuYXV0aC5iYWNrZW5kcy5Nb2RlbEJhY2tlbmQiLCJfYXV0aF91c2VyX2hhc2giOiJlZThkOWIwYjc5MTVhNWY3MzNhMDE4ZTZhOGZjYTY0MWNkM2EyNGNkIn0=",
    "expire_date": "2019-11-27T04:46:34.063Z"
  }
},
{
  "model": "sessions.session",
  "pk": "nest7n5cjwmcarr906p95tx5o6ilpmc4",
  "fields": {
    "session_data": "M2ZlZDU1MDE0OGVlMjFhNzFhYjJjOTE2NTEwZDNmZTY0YmJlMTUwMjp7Il9hdXRoX3VzZXJfaWQiOiIxIiwiX2F1dGhfdXNlcl9iYWNrZW5kIjoiZGphbmdvLmNvbnRyaWIuYXV0aC5iYWNrZW5kcy5Nb2RlbEJhY2tlbmQiLCJfYXV0aF91c2VyX2hhc2giOiJlZThkOWIwYjc5MTVhNWY3MzNhMDE4ZTZhOGZjYTY0MWNkM2EyNGNkIn0=",
    "expire_date": "2019-11-27T04:17:03.233Z"
  }
},
{
  "model": "sessions.session",
  "pk": "ohrvytjo184chf7cx4txc3ifad8zneri",
  "fields": {
    "session_data": "M2ZlZDU1MDE0OGVlMjFhNzFhYjJjOTE2NTEwZDNmZTY0YmJlMTUwMjp7Il9hdXRoX3VzZXJfaWQiOiIxIiwiX2F1dGhfdXNlcl9iYWNrZW5kIjoiZGphbmdvLmNvbnRyaWIuYXV0aC5iYWNrZW5kcy5Nb2RlbEJhY2tlbmQiLCJfYXV0aF91c2VyX2hhc2giOiJlZThkOWIwYjc5MTVhNWY3MzNhMDE4ZTZhOGZjYTY0MWNkM2EyNGNkIn0=",
    "expire_date": "2019-11-27T12:47:16.451Z"
  }
},
{
  "model": "sessions.session",
  "pk": "ok9i07zpf4eszypam3i1yvfs5n6u0p6j",
  "fields": {
    "session_data": "M2ZlZDU1MDE0OGVlMjFhNzFhYjJjOTE2NTEwZDNmZTY0YmJlMTUwMjp7Il9hdXRoX3VzZXJfaWQiOiIxIiwiX2F1dGhfdXNlcl9iYWNrZW5kIjoiZGphbmdvLmNvbnRyaWIuYXV0aC5iYWNrZW5kcy5Nb2RlbEJhY2tlbmQiLCJfYXV0aF91c2VyX2hhc2giOiJlZThkOWIwYjc5MTVhNWY3MzNhMDE4ZTZhOGZjYTY0MWNkM2EyNGNkIn0=",
    "expire_date": "2019-11-25T09:42:49.442Z"
  }
},
{
  "model": "sessions.session",
  "pk": "owjw47ke3ae7k2g0m3rz13hd9eyh1kn3",
  "fields": {
    "session_data": "M2ZlZDU1MDE0OGVlMjFhNzFhYjJjOTE2NTEwZDNmZTY0YmJlMTUwMjp7Il9hdXRoX3VzZXJfaWQiOiIxIiwiX2F1dGhfdXNlcl9iYWNrZW5kIjoiZGphbmdvLmNvbnRyaWIuYXV0aC5iYWNrZW5kcy5Nb2RlbEJhY2tlbmQiLCJfYXV0aF91c2VyX2hhc2giOiJlZThkOWIwYjc5MTVhNWY3MzNhMDE4ZTZhOGZjYTY0MWNkM2EyNGNkIn0=",
    "expire_date": "2019-11-25T09:41:35.163Z"
  }
},
{
  "model": "sessions.session",
  "pk": "pct2w2e5q8lddicllfo5jgw1wu7rmb8l",
  "fields": {
    "session_data": "M2ZlZDU1MDE0OGVlMjFhNzFhYjJjOTE2NTEwZDNmZTY0YmJlMTUwMjp7Il9hdXRoX3VzZXJfaWQiOiIxIiwiX2F1dGhfdXNlcl9iYWNrZW5kIjoiZGphbmdvLmNvbnRyaWIuYXV0aC5iYWNrZW5kcy5Nb2RlbEJhY2tlbmQiLCJfYXV0aF91c2VyX2hhc2giOiJlZThkOWIwYjc5MTVhNWY3MzNhMDE4ZTZhOGZjYTY0MWNkM2EyNGNkIn0=",
    "expire_date": "2019-11-27T10:08:02.655Z"
  }
},
{
  "model": "sessions.session",
  "pk": "pk9aiipe3h18opadh6x9tfevz4at2y71",
  "fields": {
    "session_data": "M2ZlZDU1MDE0OGVlMjFhNzFhYjJjOTE2NTEwZDNmZTY0YmJlMTUwMjp7Il9hdXRoX3VzZXJfaWQiOiIxIiwiX2F1dGhfdXNlcl9iYWNrZW5kIjoiZGphbmdvLmNvbnRyaWIuYXV0aC5iYWNrZW5kcy5Nb2RlbEJhY2tlbmQiLCJfYXV0aF91c2VyX2hhc2giOiJlZThkOWIwYjc5MTVhNWY3MzNhMDE4ZTZhOGZjYTY0MWNkM2EyNGNkIn0=",
    "expire_date": "2019-11-27T13:23:58.521Z"
  }
},
{
  "model": "sessions.session",
  "pk": "pz7frzl43qrtddonijabtiv6l8d9dvne",
  "fields": {
    "session_data": "M2ZlZDU1MDE0OGVlMjFhNzFhYjJjOTE2NTEwZDNmZTY0YmJlMTUwMjp7Il9hdXRoX3VzZXJfaWQiOiIxIiwiX2F1dGhfdXNlcl9iYWNrZW5kIjoiZGphbmdvLmNvbnRyaWIuYXV0aC5iYWNrZW5kcy5Nb2RlbEJhY2tlbmQiLCJfYXV0aF91c2VyX2hhc2giOiJlZThkOWIwYjc5MTVhNWY3MzNhMDE4ZTZhOGZjYTY0MWNkM2EyNGNkIn0=",
    "expire_date": "2019-11-27T11:51:32.510Z"
  }
},
{
  "model": "sessions.session",
  "pk": "q01gqh2vd2xrvpkh1ijjnppah2kp8s9s",
  "fields": {
    "session_data": "M2ZlZDU1MDE0OGVlMjFhNzFhYjJjOTE2NTEwZDNmZTY0YmJlMTUwMjp7Il9hdXRoX3VzZXJfaWQiOiIxIiwiX2F1dGhfdXNlcl9iYWNrZW5kIjoiZGphbmdvLmNvbnRyaWIuYXV0aC5iYWNrZW5kcy5Nb2RlbEJhY2tlbmQiLCJfYXV0aF91c2VyX2hhc2giOiJlZThkOWIwYjc5MTVhNWY3MzNhMDE4ZTZhOGZjYTY0MWNkM2EyNGNkIn0=",
    "expire_date": "2019-11-25T09:46:39.601Z"
  }
},
{
  "model": "sessions.session",
  "pk": "qet2fvwp1vsxuujozgw5mdhw6xkvvnsg",
  "fields": {
    "session_data": "M2ZlZDU1MDE0OGVlMjFhNzFhYjJjOTE2NTEwZDNmZTY0YmJlMTUwMjp7Il9hdXRoX3VzZXJfaWQiOiIxIiwiX2F1dGhfdXNlcl9iYWNrZW5kIjoiZGphbmdvLmNvbnRyaWIuYXV0aC5iYWNrZW5kcy5Nb2RlbEJhY2tlbmQiLCJfYXV0aF91c2VyX2hhc2giOiJlZThkOWIwYjc5MTVhNWY3MzNhMDE4ZTZhOGZjYTY0MWNkM2EyNGNkIn0=",
    "expire_date": "2019-11-27T07:09:22.685Z"
  }
},
{
  "model": "sessions.session",
  "pk": "qfbz5zcdbjuypbwqg0x2zszw9us57zx7",
  "fields": {
    "session_data": "M2ZlZDU1MDE0OGVlMjFhNzFhYjJjOTE2NTEwZDNmZTY0YmJlMTUwMjp7Il9hdXRoX3VzZXJfaWQiOiIxIiwiX2F1dGhfdXNlcl9iYWNrZW5kIjoiZGphbmdvLmNvbnRyaWIuYXV0aC5iYWNrZW5kcy5Nb2RlbEJhY2tlbmQiLCJfYXV0aF91c2VyX2hhc2giOiJlZThkOWIwYjc5MTVhNWY3MzNhMDE4ZTZhOGZjYTY0MWNkM2EyNGNkIn0=",
    "expire_date": "2019-11-27T13:46:50.656Z"
  }
},
{
  "model": "sessions.session",
  "pk": "qk9klj0nklz63zq2jmpp3bvi3bhx39vw",
  "fields": {
    "session_data": "M2ZlZDU1MDE0OGVlMjFhNzFhYjJjOTE2NTEwZDNmZTY0YmJlMTUwMjp7Il9hdXRoX3VzZXJfaWQiOiIxIiwiX2F1dGhfdXNlcl9iYWNrZW5kIjoiZGphbmdvLmNvbnRyaWIuYXV0aC5iYWNrZW5kcy5Nb2RlbEJhY2tlbmQiLCJfYXV0aF91c2VyX2hhc2giOiJlZThkOWIwYjc5MTVhNWY3MzNhMDE4ZTZhOGZjYTY0MWNkM2EyNGNkIn0=",
    "expire_date": "2019-11-20T04:46:33.558Z"
  }
},
{
  "model": "sessions.session",
  "pk": "rcfsa8woxjhrpzgkfp2gl7fi87n8bfsd",
  "fields": {
    "session_data": "ZGE5MjMzOGM5MzZjYTBmOTJlYWEzMzBmOWFjMzdlYjM2MjJhNDhmMTp7Il9hdXRoX3VzZXJfaWQiOiI4IiwiX2F1dGhfdXNlcl9iYWNrZW5kIjoiZGphbmdvLmNvbnRyaWIuYXV0aC5iYWNrZW5kcy5Nb2RlbEJhY2tlbmQiLCJfYXV0aF91c2VyX2hhc2giOiIyOTViNTU3OTQ5NzE1YzRmNGM3ZWFlNGI3ZDlmNmU2YjVmM2Y0ODQ1In0=",
    "expire_date": "2019-11-27T05:51:23.608Z"
  }
},
{
  "model": "sessions.session",
  "pk": "rjsc52py5unv62llyhcfpx2u504a7pel",
  "fields": {
    "session_data": "M2ZlZDU1MDE0OGVlMjFhNzFhYjJjOTE2NTEwZDNmZTY0YmJlMTUwMjp7Il9hdXRoX3VzZXJfaWQiOiIxIiwiX2F1dGhfdXNlcl9iYWNrZW5kIjoiZGphbmdvLmNvbnRyaWIuYXV0aC5iYWNrZW5kcy5Nb2RlbEJhY2tlbmQiLCJfYXV0aF91c2VyX2hhc2giOiJlZThkOWIwYjc5MTVhNWY3MzNhMDE4ZTZhOGZjYTY0MWNkM2EyNGNkIn0=",
    "expire_date": "2019-11-27T12:14:34.576Z"
  }
},
{
  "model": "sessions.session",
  "pk": "rpojxfe40ho689a052t8zitmt44bwfbx",
  "fields": {
    "session_data": "M2ZlZDU1MDE0OGVlMjFhNzFhYjJjOTE2NTEwZDNmZTY0YmJlMTUwMjp7Il9hdXRoX3VzZXJfaWQiOiIxIiwiX2F1dGhfdXNlcl9iYWNrZW5kIjoiZGphbmdvLmNvbnRyaWIuYXV0aC5iYWNrZW5kcy5Nb2RlbEJhY2tlbmQiLCJfYXV0aF91c2VyX2hhc2giOiJlZThkOWIwYjc5MTVhNWY3MzNhMDE4ZTZhOGZjYTY0MWNkM2EyNGNkIn0=",
    "expire_date": "2019-11-27T11:43:21.172Z"
  }
},
{
  "model": "sessions.session",
  "pk": "rsshtrokt80aq0lyvbxokgxvz9rxocc7",
  "fields": {
    "session_data": "M2ZlZDU1MDE0OGVlMjFhNzFhYjJjOTE2NTEwZDNmZTY0YmJlMTUwMjp7Il9hdXRoX3VzZXJfaWQiOiIxIiwiX2F1dGhfdXNlcl9iYWNrZW5kIjoiZGphbmdvLmNvbnRyaWIuYXV0aC5iYWNrZW5kcy5Nb2RlbEJhY2tlbmQiLCJfYXV0aF91c2VyX2hhc2giOiJlZThkOWIwYjc5MTVhNWY3MzNhMDE4ZTZhOGZjYTY0MWNkM2EyNGNkIn0=",
    "expire_date": "2019-11-27T04:03:05.879Z"
  }
},
{
  "model": "sessions.session",
  "pk": "sqw93qt8nl25d7nk0w7r1t11dhhrek8s",
  "fields": {
    "session_data": "M2ZlZDU1MDE0OGVlMjFhNzFhYjJjOTE2NTEwZDNmZTY0YmJlMTUwMjp7Il9hdXRoX3VzZXJfaWQiOiIxIiwiX2F1dGhfdXNlcl9iYWNrZW5kIjoiZGphbmdvLmNvbnRyaWIuYXV0aC5iYWNrZW5kcy5Nb2RlbEJhY2tlbmQiLCJfYXV0aF91c2VyX2hhc2giOiJlZThkOWIwYjc5MTVhNWY3MzNhMDE4ZTZhOGZjYTY0MWNkM2EyNGNkIn0=",
    "expire_date": "2019-11-27T11:13:48.609Z"
  }
},
{
  "model": "sessions.session",
  "pk": "tj4baa11d1ewk3n4f6cjbuie86481rvx",
  "fields": {
    "session_data": "M2ZlZDU1MDE0OGVlMjFhNzFhYjJjOTE2NTEwZDNmZTY0YmJlMTUwMjp7Il9hdXRoX3VzZXJfaWQiOiIxIiwiX2F1dGhfdXNlcl9iYWNrZW5kIjoiZGphbmdvLmNvbnRyaWIuYXV0aC5iYWNrZW5kcy5Nb2RlbEJhY2tlbmQiLCJfYXV0aF91c2VyX2hhc2giOiJlZThkOWIwYjc5MTVhNWY3MzNhMDE4ZTZhOGZjYTY0MWNkM2EyNGNkIn0=",
    "expire_date": "2019-11-25T09:06:12.330Z"
  }
},
{
  "model": "sessions.session",
  "pk": "twv0ifnu6i591tgococseon8odnnm2nj",
  "fields": {
    "session_data": "M2ZlZDU1MDE0OGVlMjFhNzFhYjJjOTE2NTEwZDNmZTY0YmJlMTUwMjp7Il9hdXRoX3VzZXJfaWQiOiIxIiwiX2F1dGhfdXNlcl9iYWNrZW5kIjoiZGphbmdvLmNvbnRyaWIuYXV0aC5iYWNrZW5kcy5Nb2RlbEJhY2tlbmQiLCJfYXV0aF91c2VyX2hhc2giOiJlZThkOWIwYjc5MTVhNWY3MzNhMDE4ZTZhOGZjYTY0MWNkM2EyNGNkIn0=",
    "expire_date": "2019-11-27T09:14:00.539Z"
  }
},
{
  "model": "sessions.session",
  "pk": "u4sriik2tace80fg363ckmmdnnlpucqv",
  "fields": {
    "session_data": "M2ZlZDU1MDE0OGVlMjFhNzFhYjJjOTE2NTEwZDNmZTY0YmJlMTUwMjp7Il9hdXRoX3VzZXJfaWQiOiIxIiwiX2F1dGhfdXNlcl9iYWNrZW5kIjoiZGphbmdvLmNvbnRyaWIuYXV0aC5iYWNrZW5kcy5Nb2RlbEJhY2tlbmQiLCJfYXV0aF91c2VyX2hhc2giOiJlZThkOWIwYjc5MTVhNWY3MzNhMDE4ZTZhOGZjYTY0MWNkM2EyNGNkIn0=",
    "expire_date": "2019-11-27T04:45:29.781Z"
  }
},
{
  "model": "sessions.session",
  "pk": "ua6h8n9ltm2x59bxsua9i65yq84em866",
  "fields": {
    "session_data": "M2ZlZDU1MDE0OGVlMjFhNzFhYjJjOTE2NTEwZDNmZTY0YmJlMTUwMjp7Il9hdXRoX3VzZXJfaWQiOiIxIiwiX2F1dGhfdXNlcl9iYWNrZW5kIjoiZGphbmdvLmNvbnRyaWIuYXV0aC5iYWNrZW5kcy5Nb2RlbEJhY2tlbmQiLCJfYXV0aF91c2VyX2hhc2giOiJlZThkOWIwYjc5MTVhNWY3MzNhMDE4ZTZhOGZjYTY0MWNkM2EyNGNkIn0=",
    "expire_date": "2019-11-27T11:15:58.989Z"
  }
},
{
  "model": "sessions.session",
  "pk": "v90zcpe4wdppye2xiufuye2umchzixaz",
  "fields": {
    "session_data": "M2ZlZDU1MDE0OGVlMjFhNzFhYjJjOTE2NTEwZDNmZTY0YmJlMTUwMjp7Il9hdXRoX3VzZXJfaWQiOiIxIiwiX2F1dGhfdXNlcl9iYWNrZW5kIjoiZGphbmdvLmNvbnRyaWIuYXV0aC5iYWNrZW5kcy5Nb2RlbEJhY2tlbmQiLCJfYXV0aF91c2VyX2hhc2giOiJlZThkOWIwYjc5MTVhNWY3MzNhMDE4ZTZhOGZjYTY0MWNkM2EyNGNkIn0=",
    "expire_date": "2019-11-20T04:53:32.070Z"
  }
},
{
  "model": "sessions.session",
  "pk": "vjcno77l3dzvgdxllteglhoim0bbqdt3",
  "fields": {
    "session_data": "M2ZlZDU1MDE0OGVlMjFhNzFhYjJjOTE2NTEwZDNmZTY0YmJlMTUwMjp7Il9hdXRoX3VzZXJfaWQiOiIxIiwiX2F1dGhfdXNlcl9iYWNrZW5kIjoiZGphbmdvLmNvbnRyaWIuYXV0aC5iYWNrZW5kcy5Nb2RlbEJhY2tlbmQiLCJfYXV0aF91c2VyX2hhc2giOiJlZThkOWIwYjc5MTVhNWY3MzNhMDE4ZTZhOGZjYTY0MWNkM2EyNGNkIn0=",
    "expire_date": "2019-11-27T13:32:07.678Z"
  }
},
{
  "model": "sessions.session",
  "pk": "vu64kw1l97k76nremvkklhrqviehoarq",
  "fields": {
    "session_data": "M2ZlZDU1MDE0OGVlMjFhNzFhYjJjOTE2NTEwZDNmZTY0YmJlMTUwMjp7Il9hdXRoX3VzZXJfaWQiOiIxIiwiX2F1dGhfdXNlcl9iYWNrZW5kIjoiZGphbmdvLmNvbnRyaWIuYXV0aC5iYWNrZW5kcy5Nb2RlbEJhY2tlbmQiLCJfYXV0aF91c2VyX2hhc2giOiJlZThkOWIwYjc5MTVhNWY3MzNhMDE4ZTZhOGZjYTY0MWNkM2EyNGNkIn0=",
    "expire_date": "2019-11-27T09:05:33.895Z"
  }
},
{
  "model": "sessions.session",
  "pk": "wxm84me3scm95bcwzb9ek4295mdrp9o2",
  "fields": {
    "session_data": "M2ZlZDU1MDE0OGVlMjFhNzFhYjJjOTE2NTEwZDNmZTY0YmJlMTUwMjp7Il9hdXRoX3VzZXJfaWQiOiIxIiwiX2F1dGhfdXNlcl9iYWNrZW5kIjoiZGphbmdvLmNvbnRyaWIuYXV0aC5iYWNrZW5kcy5Nb2RlbEJhY2tlbmQiLCJfYXV0aF91c2VyX2hhc2giOiJlZThkOWIwYjc5MTVhNWY3MzNhMDE4ZTZhOGZjYTY0MWNkM2EyNGNkIn0=",
    "expire_date": "2019-11-27T04:10:55.294Z"
  }
},
{
  "model": "sessions.session",
  "pk": "x6cbe9hzsilurs8h4ktnaiuzngfpkx5l",
  "fields": {
    "session_data": "M2ZlZDU1MDE0OGVlMjFhNzFhYjJjOTE2NTEwZDNmZTY0YmJlMTUwMjp7Il9hdXRoX3VzZXJfaWQiOiIxIiwiX2F1dGhfdXNlcl9iYWNrZW5kIjoiZGphbmdvLmNvbnRyaWIuYXV0aC5iYWNrZW5kcy5Nb2RlbEJhY2tlbmQiLCJfYXV0aF91c2VyX2hhc2giOiJlZThkOWIwYjc5MTVhNWY3MzNhMDE4ZTZhOGZjYTY0MWNkM2EyNGNkIn0=",
    "expire_date": "2019-11-27T11:11:31.256Z"
  }
},
{
  "model": "sessions.session",
  "pk": "x8ntvu8rcru4a22jh21hx8qdyswz5gsv",
  "fields": {
    "session_data": "M2ZlZDU1MDE0OGVlMjFhNzFhYjJjOTE2NTEwZDNmZTY0YmJlMTUwMjp7Il9hdXRoX3VzZXJfaWQiOiIxIiwiX2F1dGhfdXNlcl9iYWNrZW5kIjoiZGphbmdvLmNvbnRyaWIuYXV0aC5iYWNrZW5kcy5Nb2RlbEJhY2tlbmQiLCJfYXV0aF91c2VyX2hhc2giOiJlZThkOWIwYjc5MTVhNWY3MzNhMDE4ZTZhOGZjYTY0MWNkM2EyNGNkIn0=",
    "expire_date": "2019-11-27T11:14:18.895Z"
  }
},
{
  "model": "sessions.session",
  "pk": "x93ejdfg4qnui78iszzbzaqwl9ustp5t",
  "fields": {
    "session_data": "M2ZlZDU1MDE0OGVlMjFhNzFhYjJjOTE2NTEwZDNmZTY0YmJlMTUwMjp7Il9hdXRoX3VzZXJfaWQiOiIxIiwiX2F1dGhfdXNlcl9iYWNrZW5kIjoiZGphbmdvLmNvbnRyaWIuYXV0aC5iYWNrZW5kcy5Nb2RlbEJhY2tlbmQiLCJfYXV0aF91c2VyX2hhc2giOiJlZThkOWIwYjc5MTVhNWY3MzNhMDE4ZTZhOGZjYTY0MWNkM2EyNGNkIn0=",
    "expire_date": "2019-11-25T09:41:09.166Z"
  }
},
{
  "model": "sessions.session",
  "pk": "xasp1my2nndjji0iq5xv3yrvy693wuad",
  "fields": {
    "session_data": "M2ZlZDU1MDE0OGVlMjFhNzFhYjJjOTE2NTEwZDNmZTY0YmJlMTUwMjp7Il9hdXRoX3VzZXJfaWQiOiIxIiwiX2F1dGhfdXNlcl9iYWNrZW5kIjoiZGphbmdvLmNvbnRyaWIuYXV0aC5iYWNrZW5kcy5Nb2RlbEJhY2tlbmQiLCJfYXV0aF91c2VyX2hhc2giOiJlZThkOWIwYjc5MTVhNWY3MzNhMDE4ZTZhOGZjYTY0MWNkM2EyNGNkIn0=",
    "expire_date": "2019-11-25T09:01:29.304Z"
  }
},
{
  "model": "sessions.session",
  "pk": "xeedygqwmua635kwpm8t7p869pxdihdk",
  "fields": {
    "session_data": "M2ZlZDU1MDE0OGVlMjFhNzFhYjJjOTE2NTEwZDNmZTY0YmJlMTUwMjp7Il9hdXRoX3VzZXJfaWQiOiIxIiwiX2F1dGhfdXNlcl9iYWNrZW5kIjoiZGphbmdvLmNvbnRyaWIuYXV0aC5iYWNrZW5kcy5Nb2RlbEJhY2tlbmQiLCJfYXV0aF91c2VyX2hhc2giOiJlZThkOWIwYjc5MTVhNWY3MzNhMDE4ZTZhOGZjYTY0MWNkM2EyNGNkIn0=",
    "expire_date": "2019-11-27T12:43:43.887Z"
  }
},
{
  "model": "sessions.session",
  "pk": "xfz6tb7c352aqzztucv321969eis18sd",
  "fields": {
    "session_data": "M2ZlZDU1MDE0OGVlMjFhNzFhYjJjOTE2NTEwZDNmZTY0YmJlMTUwMjp7Il9hdXRoX3VzZXJfaWQiOiIxIiwiX2F1dGhfdXNlcl9iYWNrZW5kIjoiZGphbmdvLmNvbnRyaWIuYXV0aC5iYWNrZW5kcy5Nb2RlbEJhY2tlbmQiLCJfYXV0aF91c2VyX2hhc2giOiJlZThkOWIwYjc5MTVhNWY3MzNhMDE4ZTZhOGZjYTY0MWNkM2EyNGNkIn0=",
    "expire_date": "2019-11-27T04:08:03.401Z"
  }
},
{
  "model": "sessions.session",
  "pk": "xhoelckumpgcunvx2wzhwnqysztd3rvd",
  "fields": {
    "session_data": "ZGE5MjMzOGM5MzZjYTBmOTJlYWEzMzBmOWFjMzdlYjM2MjJhNDhmMTp7Il9hdXRoX3VzZXJfaWQiOiI4IiwiX2F1dGhfdXNlcl9iYWNrZW5kIjoiZGphbmdvLmNvbnRyaWIuYXV0aC5iYWNrZW5kcy5Nb2RlbEJhY2tlbmQiLCJfYXV0aF91c2VyX2hhc2giOiIyOTViNTU3OTQ5NzE1YzRmNGM3ZWFlNGI3ZDlmNmU2YjVmM2Y0ODQ1In0=",
    "expire_date": "2019-11-27T05:49:02.254Z"
  }
},
{
  "model": "sessions.session",
  "pk": "xitzmffg46wxe41r7dvcbtfz17ydb9c8",
  "fields": {
    "session_data": "M2ZlZDU1MDE0OGVlMjFhNzFhYjJjOTE2NTEwZDNmZTY0YmJlMTUwMjp7Il9hdXRoX3VzZXJfaWQiOiIxIiwiX2F1dGhfdXNlcl9iYWNrZW5kIjoiZGphbmdvLmNvbnRyaWIuYXV0aC5iYWNrZW5kcy5Nb2RlbEJhY2tlbmQiLCJfYXV0aF91c2VyX2hhc2giOiJlZThkOWIwYjc5MTVhNWY3MzNhMDE4ZTZhOGZjYTY0MWNkM2EyNGNkIn0=",
    "expire_date": "2019-11-27T12:00:17.005Z"
  }
},
{
  "model": "sessions.session",
  "pk": "xyc8cpozwesl5je3mxg76txhctu90t14",
  "fields": {
    "session_data": "M2ZlZDU1MDE0OGVlMjFhNzFhYjJjOTE2NTEwZDNmZTY0YmJlMTUwMjp7Il9hdXRoX3VzZXJfaWQiOiIxIiwiX2F1dGhfdXNlcl9iYWNrZW5kIjoiZGphbmdvLmNvbnRyaWIuYXV0aC5iYWNrZW5kcy5Nb2RlbEJhY2tlbmQiLCJfYXV0aF91c2VyX2hhc2giOiJlZThkOWIwYjc5MTVhNWY3MzNhMDE4ZTZhOGZjYTY0MWNkM2EyNGNkIn0=",
    "expire_date": "2019-11-27T11:37:40.870Z"
  }
},
{
  "model": "sessions.session",
  "pk": "y1i44t9zefxpg5y1e1mzccqlf81hk344",
  "fields": {
    "session_data": "M2ZlZDU1MDE0OGVlMjFhNzFhYjJjOTE2NTEwZDNmZTY0YmJlMTUwMjp7Il9hdXRoX3VzZXJfaWQiOiIxIiwiX2F1dGhfdXNlcl9iYWNrZW5kIjoiZGphbmdvLmNvbnRyaWIuYXV0aC5iYWNrZW5kcy5Nb2RlbEJhY2tlbmQiLCJfYXV0aF91c2VyX2hhc2giOiJlZThkOWIwYjc5MTVhNWY3MzNhMDE4ZTZhOGZjYTY0MWNkM2EyNGNkIn0=",
    "expire_date": "2019-11-27T11:15:01.132Z"
  }
},
{
  "model": "sessions.session",
  "pk": "y1o8i7komua3e1boio6tzxt4nkxocqbu",
  "fields": {
    "session_data": "M2ZlZDU1MDE0OGVlMjFhNzFhYjJjOTE2NTEwZDNmZTY0YmJlMTUwMjp7Il9hdXRoX3VzZXJfaWQiOiIxIiwiX2F1dGhfdXNlcl9iYWNrZW5kIjoiZGphbmdvLmNvbnRyaWIuYXV0aC5iYWNrZW5kcy5Nb2RlbEJhY2tlbmQiLCJfYXV0aF91c2VyX2hhc2giOiJlZThkOWIwYjc5MTVhNWY3MzNhMDE4ZTZhOGZjYTY0MWNkM2EyNGNkIn0=",
    "expire_date": "2019-11-25T09:08:01.403Z"
  }
},
{
  "model": "sessions.session",
  "pk": "y5cmu2xlh6l3isc6junu9xk6t9jtrn82",
  "fields": {
    "session_data": "M2ZlZDU1MDE0OGVlMjFhNzFhYjJjOTE2NTEwZDNmZTY0YmJlMTUwMjp7Il9hdXRoX3VzZXJfaWQiOiIxIiwiX2F1dGhfdXNlcl9iYWNrZW5kIjoiZGphbmdvLmNvbnRyaWIuYXV0aC5iYWNrZW5kcy5Nb2RlbEJhY2tlbmQiLCJfYXV0aF91c2VyX2hhc2giOiJlZThkOWIwYjc5MTVhNWY3MzNhMDE4ZTZhOGZjYTY0MWNkM2EyNGNkIn0=",
    "expire_date": "2019-11-25T09:01:24.974Z"
  }
},
{
  "model": "sessions.session",
  "pk": "yeef2tl3e3a1gts0jfl7pyc6o6cwxuv1",
  "fields": {
    "session_data": "M2ZlZDU1MDE0OGVlMjFhNzFhYjJjOTE2NTEwZDNmZTY0YmJlMTUwMjp7Il9hdXRoX3VzZXJfaWQiOiIxIiwiX2F1dGhfdXNlcl9iYWNrZW5kIjoiZGphbmdvLmNvbnRyaWIuYXV0aC5iYWNrZW5kcy5Nb2RlbEJhY2tlbmQiLCJfYXV0aF91c2VyX2hhc2giOiJlZThkOWIwYjc5MTVhNWY3MzNhMDE4ZTZhOGZjYTY0MWNkM2EyNGNkIn0=",
    "expire_date": "2019-11-27T04:20:33.318Z"
  }
},
{
  "model": "sessions.session",
  "pk": "ypj5i29ij4mr3352py7c9bk9v7321hqy",
  "fields": {
    "session_data": "M2ZlZDU1MDE0OGVlMjFhNzFhYjJjOTE2NTEwZDNmZTY0YmJlMTUwMjp7Il9hdXRoX3VzZXJfaWQiOiIxIiwiX2F1dGhfdXNlcl9iYWNrZW5kIjoiZGphbmdvLmNvbnRyaWIuYXV0aC5iYWNrZW5kcy5Nb2RlbEJhY2tlbmQiLCJfYXV0aF91c2VyX2hhc2giOiJlZThkOWIwYjc5MTVhNWY3MzNhMDE4ZTZhOGZjYTY0MWNkM2EyNGNkIn0=",
    "expire_date": "2019-11-27T11:13:38.196Z"
  }
},
{
  "model": "sessions.session",
  "pk": "zig4rvn9s4sv5jkil3yebo84d0lbxnfx",
  "fields": {
    "session_data": "M2ZlZDU1MDE0OGVlMjFhNzFhYjJjOTE2NTEwZDNmZTY0YmJlMTUwMjp7Il9hdXRoX3VzZXJfaWQiOiIxIiwiX2F1dGhfdXNlcl9iYWNrZW5kIjoiZGphbmdvLmNvbnRyaWIuYXV0aC5iYWNrZW5kcy5Nb2RlbEJhY2tlbmQiLCJfYXV0aF91c2VyX2hhc2giOiJlZThkOWIwYjc5MTVhNWY3MzNhMDE4ZTZhOGZjYTY0MWNkM2EyNGNkIn0=",
    "expire_date": "2019-11-27T04:28:28.277Z"
  }
},
{
  "model": "sessions.session",
  "pk": "zu3s8lltcvenu6xv0gm933vgpdwwxvqx",
  "fields": {
    "session_data": "M2ZlZDU1MDE0OGVlMjFhNzFhYjJjOTE2NTEwZDNmZTY0YmJlMTUwMjp7Il9hdXRoX3VzZXJfaWQiOiIxIiwiX2F1dGhfdXNlcl9iYWNrZW5kIjoiZGphbmdvLmNvbnRyaWIuYXV0aC5iYWNrZW5kcy5Nb2RlbEJhY2tlbmQiLCJfYXV0aF91c2VyX2hhc2giOiJlZThkOWIwYjc5MTVhNWY3MzNhMDE4ZTZhOGZjYTY0MWNkM2EyNGNkIn0=",
    "expire_date": "2019-11-25T09:37:17.032Z"
  }
},
{
  "model": "sessions.session",
  "pk": "zubi19ajcf57x8dm370dhtsk1e3sc0ho",
  "fields": {
    "session_data": "ZGE5MjMzOGM5MzZjYTBmOTJlYWEzMzBmOWFjMzdlYjM2MjJhNDhmMTp7Il9hdXRoX3VzZXJfaWQiOiI4IiwiX2F1dGhfdXNlcl9iYWNrZW5kIjoiZGphbmdvLmNvbnRyaWIuYXV0aC5iYWNrZW5kcy5Nb2RlbEJhY2tlbmQiLCJfYXV0aF91c2VyX2hhc2giOiIyOTViNTU3OTQ5NzE1YzRmNGM3ZWFlNGI3ZDlmNmU2YjVmM2Y0ODQ1In0=",
    "expire_date": "2019-11-27T07:58:17.635Z"
  }
},
{
  "model": "django_short_url.shorturl",
  "pk": 1,
  "fields": {
    "status": true,
    "created_at": "2019-11-13T05:42:29.976Z",
    "updated_at": "2019-11-13T05:42:30.043Z",
    "surl": "yA9oC2b2WwHizj7o5rh9xn",
    "lurl": "eyJ0eXAiOiJKV1QiLCJhbGciOiJIUzI1NiJ9.eyJ1c2VybmFtZSI6Im5rOTA2MDAiLCJwYXNzd29yZCI6InBhbmthajAwNyIsImV4cCI6MTU3Mzc5NjU0OX0.zp8CtbJVCvvmeh1VT_RZV5kqNFW5L_q6mwi_u1d91Ls"
  }
},
{
  "model": "django_short_url.shorturl",
  "pk": 2,
  "fields": {
    "status": true,
    "created_at": "2019-11-13T05:42:47.062Z",
    "updated_at": "2019-11-13T05:42:47.109Z",
    "surl": "S8JTXULnh4vMkRAVpwNQyG",
    "lurl": "eyJ0eXAiOiJKV1QiLCJhbGciOiJIUzI1NiJ9.eyJ1c2VybmFtZSI6Im5rOTA2MDAiLCJwYXNzd29yZCI6InBhbmthajAwNyIsImV4cCI6MTU3Mzc5NjU2N30.AAa8sx1HRSjgjwJNxs5w5SDqAgOEg2YN309x_1iHgIE"
  }
},
{
  "model": "django_short_url.shorturl",
  "pk": 3,
  "fields": {
    "status": true,
    "created_at": "2019-11-13T05:43:07.454Z",
    "updated_at": "2019-11-13T05:43:07.522Z",
    "surl": "EuzTMezRTpHXJwbCTKAqRE",
    "lurl": "eyJ0eXAiOiJKV1QiLCJhbGciOiJIUzI1NiJ9.eyJ1c2VybmFtZSI6Im5rOTA2MDAiLCJwYXNzd29yZCI6InBhbmthajAwNyIsImV4cCI6MTU3Mzc5NjU4N30.cvVNN8nx7VERxDEDUUF1-scq7jn0tS1NMlO0e9T2HZc"
  }
},
{
  "model": "django_short_url.shorturl",
  "pk": 4,
  "fields": {
    "status": true,
    "created_at": "2019-11-13T05:44:59.012Z",
    "updated_at": "2019-11-13T05:44:59.108Z",
    "surl": "RiWinVoscQQws35Rwa5NbC",
    "lurl": "eyJ0eXAiOiJKV1QiLCJhbGciOiJIUzI1NiJ9.eyJ1c2VybmFtZSI6Im5rOTA2MDAiLCJwYXNzd29yZCI6InBhbmthajAwNyIsImV4cCI6MTU3Mzc5NjY5OH0.-1KPPhTiYeeyrpaBcU7k3GJb2ZZNtKb7HcfTaJV9BjE"
  }
},
{
  "model": "django_short_url.shorturl",
  "pk": 5,
  "fields": {
    "status": true,
    "created_at": "2019-11-13T05:45:50.687Z",
    "updated_at": "2019-11-13T05:45:50.767Z",
    "surl": "2H6hK7iXJxNeeF4n3p5mQW",
    "lurl": "eyJ0eXAiOiJKV1QiLCJhbGciOiJIUzI1NiJ9.eyJ1c2VybmFtZSI6Im5rOTA2MDAiLCJwYXNzd29yZCI6InBhbmthajAwNyIsImV4cCI6MTU3Mzc5Njc0OX0.NBQnArQsN3qn7WsiRSHV6EWLPlL81PA8H3_tsmbpt7s"
  }
},
{
  "model": "django_short_url.shorturl",
  "pk": 6,
  "fields": {
    "status": true,
    "created_at": "2019-11-13T05:47:50.789Z",
    "updated_at": "2019-11-13T05:47:50.839Z",
    "surl": "iY7TZ4KH6KRCooyPBZjkmW",
    "lurl": "eyJ0eXAiOiJKV1QiLCJhbGciOiJIUzI1NiJ9.eyJ1c2VybmFtZSI6Im5rOTA2MDAiLCJwYXNzd29yZCI6InBhbmthajAwNyIsImV4cCI6MTU3Mzc5Njg3MH0.ZfnTxw3JnAuHUrtNenN99NdB0Mrbkwr_JbpZfuGbk1s"
  }
},
{
  "model": "auth.permission",
  "pk": 1,
  "fields": {
    "name": "Can add log entry",
    "content_type": 1,
    "codename": "add_logentry"
  }
},
{
  "model": "auth.permission",
  "pk": 2,
  "fields": {
    "name": "Can change log entry",
    "content_type": 1,
    "codename": "change_logentry"
  }
},
{
  "model": "auth.permission",
  "pk": 3,
  "fields": {
    "name": "Can delete log entry",
    "content_type": 1,
    "codename": "delete_logentry"
  }
},
{
  "model": "auth.permission",
  "pk": 4,
  "fields": {
    "name": "Can view log entry",
    "content_type": 1,
    "codename": "view_logentry"
  }
},
{
  "model": "auth.permission",
  "pk": 5,
  "fields": {
    "name": "Can add permission",
    "content_type": 2,
    "codename": "add_permission"
  }
},
{
  "model": "auth.permission",
  "pk": 6,
  "fields": {
    "name": "Can change permission",
    "content_type": 2,
    "codename": "change_permission"
  }
},
{
  "model": "auth.permission",
  "pk": 7,
  "fields": {
    "name": "Can delete permission",
    "content_type": 2,
    "codename": "delete_permission"
  }
},
{
  "model": "auth.permission",
  "pk": 8,
  "fields": {
    "name": "Can view permission",
    "content_type": 2,
    "codename": "view_permission"
  }
},
{
  "model": "auth.permission",
  "pk": 9,
  "fields": {
    "name": "Can add group",
    "content_type": 3,
    "codename": "add_group"
  }
},
{
  "model": "auth.permission",
  "pk": 10,
  "fields": {
    "name": "Can change group",
    "content_type": 3,
    "codename": "change_group"
  }
},
{
  "model": "auth.permission",
  "pk": 11,
  "fields": {
    "name": "Can delete group",
    "content_type": 3,
    "codename": "delete_group"
  }
},
{
  "model": "auth.permission",
  "pk": 12,
  "fields": {
    "name": "Can view group",
    "content_type": 3,
    "codename": "view_group"
  }
},
{
  "model": "auth.permission",
  "pk": 13,
  "fields": {
    "name": "Can add user",
    "content_type": 4,
    "codename": "add_user"
  }
},
{
  "model": "auth.permission",
  "pk": 14,
  "fields": {
    "name": "Can change user",
    "content_type": 4,
    "codename": "change_user"
  }
},
{
  "model": "auth.permission",
  "pk": 15,
  "fields": {
    "name": "Can delete user",
    "content_type": 4,
    "codename": "delete_user"
  }
},
{
  "model": "auth.permission",
  "pk": 16,
  "fields": {
    "name": "Can view user",
    "content_type": 4,
    "codename": "view_user"
  }
},
{
  "model": "auth.permission",
  "pk": 17,
  "fields": {
    "name": "Can add content type",
    "content_type": 5,
    "codename": "add_contenttype"
  }
},
{
  "model": "auth.permission",
  "pk": 18,
  "fields": {
    "name": "Can change content type",
    "content_type": 5,
    "codename": "change_contenttype"
  }
},
{
  "model": "auth.permission",
  "pk": 19,
  "fields": {
    "name": "Can delete content type",
    "content_type": 5,
    "codename": "delete_contenttype"
  }
},
{
  "model": "auth.permission",
  "pk": 20,
  "fields": {
    "name": "Can view content type",
    "content_type": 5,
    "codename": "view_contenttype"
  }
},
{
  "model": "auth.permission",
  "pk": 21,
  "fields": {
    "name": "Can add session",
    "content_type": 6,
    "codename": "add_session"
  }
},
{
  "model": "auth.permission",
  "pk": 22,
  "fields": {
    "name": "Can change session",
    "content_type": 6,
    "codename": "change_session"
  }
},
{
  "model": "auth.permission",
  "pk": 23,
  "fields": {
    "name": "Can delete session",
    "content_type": 6,
    "codename": "delete_session"
  }
},
{
  "model": "auth.permission",
  "pk": 24,
  "fields": {
    "name": "Can view session",
    "content_type": 6,
    "codename": "view_session"
  }
},
{
  "model": "auth.permission",
  "pk": 25,
  "fields": {
    "name": "Can add user detail",
    "content_type": 7,
    "codename": "add_registration"
  }
},
{
  "model": "auth.permission",
  "pk": 26,
  "fields": {
    "name": "Can change user detail",
    "content_type": 7,
    "codename": "change_registration"
  }
},
{
  "model": "auth.permission",
  "pk": 27,
  "fields": {
    "name": "Can delete user detail",
    "content_type": 7,
    "codename": "delete_registration"
  }
},
{
  "model": "auth.permission",
  "pk": 28,
  "fields": {
    "name": "Can view user detail",
    "content_type": 7,
    "codename": "view_registration"
  }
},
{
  "model": "auth.permission",
  "pk": 29,
  "fields": {
    "name": "Can add label",
    "content_type": 8,
    "codename": "add_label"
  }
},
{
  "model": "auth.permission",
  "pk": 30,
  "fields": {
    "name": "Can change label",
    "content_type": 8,
    "codename": "change_label"
  }
},
{
  "model": "auth.permission",
  "pk": 31,
  "fields": {
    "name": "Can delete label",
    "content_type": 8,
    "codename": "delete_label"
  }
},
{
  "model": "auth.permission",
  "pk": 32,
  "fields": {
    "name": "Can view label",
    "content_type": 8,
    "codename": "view_label"
  }
},
{
  "model": "auth.permission",
  "pk": 33,
  "fields": {
    "name": "Can add notes",
    "content_type": 9,
    "codename": "add_notes"
  }
},
{
  "model": "auth.permission",
  "pk": 34,
  "fields": {
    "name": "Can change notes",
    "content_type": 9,
    "codename": "change_notes"
  }
},
{
  "model": "auth.permission",
  "pk": 35,
  "fields": {
    "name": "Can delete notes",
    "content_type": 9,
    "codename": "delete_notes"
  }
},
{
  "model": "auth.permission",
  "pk": 36,
  "fields": {
    "name": "Can view notes",
    "content_type": 9,
    "codename": "view_notes"
  }
},
{
  "model": "auth.permission",
  "pk": 37,
  "fields": {
    "name": "Can add application",
    "content_type": 10,
    "codename": "add_application"
  }
},
{
  "model": "auth.permission",
  "pk": 38,
  "fields": {
    "name": "Can change application",
    "content_type": 10,
    "codename": "change_application"
  }
},
{
  "model": "auth.permission",
  "pk": 39,
  "fields": {
    "name": "Can delete application",
    "content_type": 10,
    "codename": "delete_application"
  }
},
{
  "model": "auth.permission",
  "pk": 40,
  "fields": {
    "name": "Can view application",
    "content_type": 10,
    "codename": "view_application"
  }
},
{
  "model": "auth.permission",
  "pk": 41,
  "fields": {
    "name": "Can add access token",
    "content_type": 11,
    "codename": "add_accesstoken"
  }
},
{
  "model": "auth.permission",
  "pk": 42,
  "fields": {
    "name": "Can change access token",
    "content_type": 11,
    "codename": "change_accesstoken"
  }
},
{
  "model": "auth.permission",
  "pk": 43,
  "fields": {
    "name": "Can delete access token",
    "content_type": 11,
    "codename": "delete_accesstoken"
  }
},
{
  "model": "auth.permission",
  "pk": 44,
  "fields": {
    "name": "Can view access token",
    "content_type": 11,
    "codename": "view_accesstoken"
  }
},
{
  "model": "auth.permission",
  "pk": 45,
  "fields": {
    "name": "Can add grant",
    "content_type": 12,
    "codename": "add_grant"
  }
},
{
  "model": "auth.permission",
  "pk": 46,
  "fields": {
    "name": "Can change grant",
    "content_type": 12,
    "codename": "change_grant"
  }
},
{
  "model": "auth.permission",
  "pk": 47,
  "fields": {
    "name": "Can delete grant",
    "content_type": 12,
    "codename": "delete_grant"
  }
},
{
  "model": "auth.permission",
  "pk": 48,
  "fields": {
    "name": "Can view grant",
    "content_type": 12,
    "codename": "view_grant"
  }
},
{
  "model": "auth.permission",
  "pk": 49,
  "fields": {
    "name": "Can add refresh token",
    "content_type": 13,
    "codename": "add_refreshtoken"
  }
},
{
  "model": "auth.permission",
  "pk": 50,
  "fields": {
    "name": "Can change refresh token",
    "content_type": 13,
    "codename": "change_refreshtoken"
  }
},
{
  "model": "auth.permission",
  "pk": 51,
  "fields": {
    "name": "Can delete refresh token",
    "content_type": 13,
    "codename": "delete_refreshtoken"
  }
},
{
  "model": "auth.permission",
  "pk": 52,
  "fields": {
    "name": "Can view refresh token",
    "content_type": 13,
    "codename": "view_refreshtoken"
  }
},
{
  "model": "auth.permission",
  "pk": 53,
  "fields": {
    "name": "Can add association",
    "content_type": 14,
    "codename": "add_association"
  }
},
{
  "model": "auth.permission",
  "pk": 54,
  "fields": {
    "name": "Can change association",
    "content_type": 14,
    "codename": "change_association"
  }
},
{
  "model": "auth.permission",
  "pk": 55,
  "fields": {
    "name": "Can delete association",
    "content_type": 14,
    "codename": "delete_association"
  }
},
{
  "model": "auth.permission",
  "pk": 56,
  "fields": {
    "name": "Can view association",
    "content_type": 14,
    "codename": "view_association"
  }
},
{
  "model": "auth.permission",
  "pk": 57,
  "fields": {
    "name": "Can add code",
    "content_type": 15,
    "codename": "add_code"
  }
},
{
  "model": "auth.permission",
  "pk": 58,
  "fields": {
    "name": "Can change code",
    "content_type": 15,
    "codename": "change_code"
  }
},
{
  "model": "auth.permission",
  "pk": 59,
  "fields": {
    "name": "Can delete code",
    "content_type": 15,
    "codename": "delete_code"
  }
},
{
  "model": "auth.permission",
  "pk": 60,
  "fields": {
    "name": "Can view code",
    "content_type": 15,
    "codename": "view_code"
  }
},
{
  "model": "auth.permission",
  "pk": 61,
  "fields": {
    "name": "Can add nonce",
    "content_type": 16,
    "codename": "add_nonce"
  }
},
{
  "model": "auth.permission",
  "pk": 62,
  "fields": {
    "name": "Can change nonce",
    "content_type": 16,
    "codename": "change_nonce"
  }
},
{
  "model": "auth.permission",
  "pk": 63,
  "fields": {
    "name": "Can delete nonce",
    "content_type": 16,
    "codename": "delete_nonce"
  }
},
{
  "model": "auth.permission",
  "pk": 64,
  "fields": {
    "name": "Can view nonce",
    "content_type": 16,
    "codename": "view_nonce"
  }
},
{
  "model": "auth.permission",
  "pk": 65,
  "fields": {
    "name": "Can add user social auth",
    "content_type": 17,
    "codename": "add_usersocialauth"
  }
},
{
  "model": "auth.permission",
  "pk": 66,
  "fields": {
    "name": "Can change user social auth",
    "content_type": 17,
    "codename": "change_usersocialauth"
  }
},
{
  "model": "auth.permission",
  "pk": 67,
  "fields": {
    "name": "Can delete user social auth",
    "content_type": 17,
    "codename": "delete_usersocialauth"
  }
},
{
  "model": "auth.permission",
  "pk": 68,
  "fields": {
    "name": "Can view user social auth",
    "content_type": 17,
    "codename": "view_usersocialauth"
  }
},
{
  "model": "auth.permission",
  "pk": 69,
  "fields": {
    "name": "Can add partial",
    "content_type": 18,
    "codename": "add_partial"
  }
},
{
  "model": "auth.permission",
  "pk": 70,
  "fields": {
    "name": "Can change partial",
    "content_type": 18,
    "codename": "change_partial"
  }
},
{
  "model": "auth.permission",
  "pk": 71,
  "fields": {
    "name": "Can delete partial",
    "content_type": 18,
    "codename": "delete_partial"
  }
},
{
  "model": "auth.permission",
  "pk": 72,
  "fields": {
    "name": "Can view partial",
    "content_type": 18,
    "codename": "view_partial"
  }
},
{
  "model": "auth.permission",
  "pk": 73,
  "fields": {
    "name": "Can add shorturl",
    "content_type": 19,
    "codename": "add_shorturl"
  }
},
{
  "model": "auth.permission",
  "pk": 74,
  "fields": {
    "name": "Can change shorturl",
    "content_type": 19,
    "codename": "change_shorturl"
  }
},
{
  "model": "auth.permission",
  "pk": 75,
  "fields": {
    "name": "Can delete shorturl",
    "content_type": 19,
    "codename": "delete_shorturl"
  }
},
{
  "model": "auth.permission",
  "pk": 76,
  "fields": {
    "name": "Can view shorturl",
    "content_type": 19,
    "codename": "view_shorturl"
  }
},
{
  "model": "auth.permission",
  "pk": 77,
  "fields": {
    "name": "Can add cron job log",
    "content_type": 20,
    "codename": "add_cronjoblog"
  }
},
{
  "model": "auth.permission",
  "pk": 78,
  "fields": {
    "name": "Can change cron job log",
    "content_type": 20,
    "codename": "change_cronjoblog"
  }
},
{
  "model": "auth.permission",
  "pk": 79,
  "fields": {
    "name": "Can delete cron job log",
    "content_type": 20,
    "codename": "delete_cronjoblog"
  }
},
{
  "model": "auth.permission",
  "pk": 80,
  "fields": {
    "name": "Can view cron job log",
    "content_type": 20,
    "codename": "view_cronjoblog"
  }
},
{
  "model": "auth.user",
  "pk": 1,
  "fields": {
    "password": "pbkdf2_sha256$150000$xYRPlmmcfN2V$wJ7hf4NI+CRyEwtOq9efgzkK1wNzraMnVfIHj1tSsSQ=",
    "last_login": "2019-11-14T04:33:23.655Z",
    "is_superuser": true,
    "username": "admin",
    "first_name": "admin",
    "last_name": "",
    "email": "",
    "is_staff": true,
    "is_active": true,
    "date_joined": "2019-11-05T08:46:26Z",
    "groups": [],
    "user_permissions": []
  }
},
{
  "model": "auth.user",
  "pk": 8,
  "fields": {
    "password": "pbkdf2_sha256$150000$WKRQwMJSawd2$8dpCFXDYy/0zfrLeB3k5e12zm35/TjVicrBPlDPAlHw=",
    "last_login": "2019-11-13T08:46:11.741Z",
    "is_superuser": false,
    "username": "nk90600",
    "first_name": "",
    "last_name": "",
    "email": "niksroad2success@gmail.com",
    "is_staff": false,
    "is_active": true,
    "date_joined": "2019-11-13T05:47:50.496Z",
    "groups": [],
    "user_permissions": []
  }
},
{
  "model": "auth.user",
  "pk": 9,
  "fields": {
    "password": "!WLTUP0Z8AYM7luCmhSrBNv278bpCSiT9ZrhdIVxU",
    "last_login": "2019-11-14T05:23:06.658Z",
    "is_superuser": false,
    "username": "nk900600",
    "first_name": "Nikhil",
    "last_name": "Kumar",
    "email": "nk90600@gmail.com",
    "is_staff": false,
    "is_active": true,
    "date_joined": "2019-11-13T05:56:30.698Z",
    "groups": [],
    "user_permissions": []
  }
},
{
  "model": "note.label",
  "pk": 4,
  "fields": {
    "name": "tokyo",
    "user": 1
  }
},
{
  "model": "note.label",
  "pk": 5,
  "fields": {
    "name": "stbbbring",
    "user": 1
  }
},
{
  "model": "note.label",
  "pk": 7,
  "fields": {
    "name": "e",
    "user": 1
  }
},
{
  "model": "note.label",
  "pk": 8,
  "fields": {
    "name": "japan",
    "user": 1
  }
},
{
  "model": "note.notes",
  "pk": 1,
  "fields": {
    "user": 1,
    "title": "first",
    "note": "first",
    "image": "",
    "is_archive": false,
    "is_trashed": false,
    "is_copied": false,
    "checkbox": false,
    "is_pined": false,
    "url": "",
    "reminder": null,
    "color": null,
    "label": [],
    "collaborators": [
      1
    ]
  }
},
{
  "model": "note.notes",
  "pk": 2,
  "fields": {
    "user": 1,
    "title": "string",
    "note": "string",
    "image": "",
    "is_archive": true,
    "is_trashed": false,
    "is_copied": false,
    "checkbox": false,
    "is_pined": false,
    "url": "",
    "reminder": null,
    "color": null,
    "label": [],
    "collaborators": []
  }
},
{
  "model": "note.notes",
  "pk": 4,
  "fields": {
    "user": 1,
    "title": "dc",
    "note": "bgffb",
    "image": "",
    "is_archive": false,
    "is_trashed": true,
    "is_copied": false,
    "checkbox": false,
    "is_pined": false,
    "url": "",
    "reminder": null,
    "color": null,
    "label": [],
    "collaborators": []
  }
},
{
  "model": "note.notes",
  "pk": 5,
  "fields": {
    "user": 1,
    "title": "dc",
    "note": "bdvgffb",
    "image": "",
    "is_archive": false,
    "is_trashed": true,
    "is_copied": false,
    "checkbox": false,
    "is_pined": false,
    "url": "",
    "reminder": null,
    "color": null,
    "label": [],
    "collaborators": []
  }
},
{
  "model": "note.notes",
  "pk": 6,
  "fields": {
    "user": 1,
    "title": "dc",
    "note": "bdvgffb",
    "image": "",
    "is_archive": false,
    "is_trashed": false,
    "is_copied": false,
    "checkbox": false,
    "is_pined": false,
    "url": "",
    "reminder": null,
    "color": null,
    "label": [],
    "collaborators": []
  }
},
{
  "model": "note.notes",
  "pk": 7,
  "fields": {
    "user": 1,
    "title": "hh",
    "note": "hj",
    "image": "",
    "is_archive": false,
    "is_trashed": false,
    "is_copied": false,
    "checkbox": false,
    "is_pined": false,
    "url": "",
    "reminder": null,
    "color": null,
    "label": [],
    "collaborators": [
      1
    ]
  }
},
{
  "model": "note.notes",
  "pk": 8,
  "fields": {
    "user": 1,
    "title": "d",
    "note": "d",
    "image": "",
    "is_archive": false,
    "is_trashed": false,
    "is_copied": false,
    "checkbox": false,
    "is_pined": false,
    "url": "",
    "reminder": null,
    "color": null,
    "label": [],
    "collaborators": []
  }
},
{
  "model": "note.notes",
  "pk": 9,
  "fields": {
    "user": 1,
    "title": "d",
    "note": "d",
    "image": "",
    "is_archive": false,
    "is_trashed": false,
    "is_copied": false,
    "checkbox": false,
    "is_pined": false,
    "url": "",
    "reminder": null,
    "color": null,
    "label": [],
    "collaborators": []
  }
},
{
  "model": "note.notes",
  "pk": 10,
  "fields": {
    "user": 1,
    "title": "d",
    "note": "d",
    "image": "",
    "is_archive": false,
    "is_trashed": false,
    "is_copied": false,
    "checkbox": false,
    "is_pined": false,
    "url": "",
    "reminder": null,
    "color": null,
    "label": [],
    "collaborators": []
  }
},
{
  "model": "note.notes",
  "pk": 11,
  "fields": {
    "user": 1,
    "title": "d",
    "note": "d",
    "image": "",
    "is_archive": false,
    "is_trashed": false,
    "is_copied": false,
    "checkbox": false,
    "is_pined": false,
    "url": "",
    "reminder": null,
    "color": null,
    "label": [],
    "collaborators": []
  }
},
{
  "model": "note.notes",
  "pk": 12,
  "fields": {
    "user": 1,
    "title": "d",
    "note": "d",
    "image": "",
    "is_archive": false,
    "is_trashed": false,
    "is_copied": false,
    "checkbox": false,
    "is_pined": false,
    "url": "",
    "reminder": null,
    "color": null,
    "label": [],
    "collaborators": []
  }
},
{
  "model": "note.notes",
  "pk": 13,
  "fields": {
    "user": 1,
    "title": "d",
    "note": "d",
    "image": "",
    "is_archive": false,
    "is_trashed": false,
    "is_copied": false,
    "checkbox": false,
    "is_pined": false,
    "url": "",
    "reminder": null,
    "color": null,
    "label": [],
    "collaborators": []
  }
},
{
  "model": "note.notes",
  "pk": 14,
  "fields": {
    "user": 1,
    "title": "d",
    "note": "d",
    "image": "",
    "is_archive": false,
    "is_trashed": false,
    "is_copied": false,
    "checkbox": false,
    "is_pined": false,
    "url": "",
    "reminder": "2019-11-09T12:21:49Z",
    "color": null,
    "label": [],
    "collaborators": []
  }
},
{
  "model": "note.notes",
  "pk": 15,
  "fields": {
    "user": 1,
    "title": "d",
    "note": "d",
    "image": "",
    "is_archive": false,
    "is_trashed": false,
    "is_copied": false,
    "checkbox": false,
    "is_pined": false,
    "url": "",
    "reminder": "2019-11-15T00:00:00Z",
    "color": null,
    "label": [],
    "collaborators": []
  }
},
{
  "model": "note.notes",
  "pk": 16,
  "fields": {
    "user": 1,
    "title": "5t",
    "note": "5t",
    "image": "",
    "is_archive": false,
    "is_trashed": false,
    "is_copied": false,
    "checkbox": false,
    "is_pined": false,
    "url": "",
    "reminder": null,
    "color": null,
    "label": [],
    "collaborators": []
  }
},
{
  "model": "note.notes",
  "pk": 17,
  "fields": {
    "user": 1,
    "title": "5t",
    "note": "5t",
    "image": "",
    "is_archive": false,
    "is_trashed": false,
    "is_copied": false,
    "checkbox": false,
    "is_pined": false,
    "url": "",
    "reminder": null,
    "color": null,
    "label": [],
    "collaborators": []
  }
},
{
  "model": "note.notes",
  "pk": 18,
  "fields": {
    "user": 1,
    "title": "string",
    "note": "string",
    "image": "",
    "is_archive": false,
    "is_trashed": false,
    "is_copied": false,
    "checkbox": false,
    "is_pined": false,
    "url": "",
    "reminder": null,
    "color": null,
    "label": [],
    "collaborators": []
  }
},
{
  "model": "note.notes",
  "pk": 19,
  "fields": {
    "user": 1,
    "title": "defdf",
    "note": "dfdf",
    "image": "",
    "is_archive": false,
    "is_trashed": false,
    "is_copied": false,
    "checkbox": false,
    "is_pined": false,
    "url": "",
    "reminder": "2019-12-15T12:00:00Z",
    "color": null,
    "label": [],
    "collaborators": []
  }
},
{
  "model": "note.notes",
  "pk": 20,
  "fields": {
    "user": 1,
    "title": "defdf",
    "note": "dfdf",
    "image": "",
    "is_archive": false,
    "is_trashed": true,
    "is_copied": false,
    "checkbox": false,
    "is_pined": false,
    "url": "",
    "reminder": null,
    "color": null,
    "label": [],
    "collaborators": []
  }
},
{
  "model": "note.notes",
  "pk": 21,
  "fields": {
    "user": 1,
    "title": "defdf",
    "note": "dfdf",
    "image": "",
    "is_archive": false,
    "is_trashed": false,
    "is_copied": false,
    "checkbox": false,
    "is_pined": false,
    "url": "",
    "reminder": null,
    "color": null,
    "label": [],
    "collaborators": []
  }
},
{
  "model": "note.notes",
  "pk": 22,
  "fields": {
    "user": 1,
    "title": "d",
    "note": "d",
    "image": "",
    "is_archive": false,
    "is_trashed": false,
    "is_copied": false,
    "checkbox": false,
    "is_pined": false,
    "url": "",
    "reminder": null,
    "color": null,
    "label": [],
    "collaborators": []
  }
},
{
  "model": "note.notes",
  "pk": 23,
  "fields": {
    "user": 1,
    "title": "defdf",
    "note": "dfdf",
    "image": "",
    "is_archive": false,
    "is_trashed": false,
    "is_copied": false,
    "checkbox": false,
    "is_pined": false,
    "url": "",
    "reminder": null,
    "color": null,
    "label": [],
    "collaborators": []
  }
},
{
  "model": "note.notes",
  "pk": 24,
  "fields": {
    "user": 1,
    "title": "defdf",
    "note": "dfdf",
    "image": "",
    "is_archive": false,
    "is_trashed": false,
    "is_copied": false,
    "checkbox": false,
    "is_pined": false,
    "url": "",
    "reminder": "2019-12-15T12:00:00Z",
    "color": null,
    "label": [],
    "collaborators": []
  }
},
{
  "model": "note.notes",
  "pk": 25,
  "fields": {
    "user": 1,
    "title": "hello",
    "note": "hnhn",
    "image": "",
    "is_archive": false,
    "is_trashed": true,
    "is_copied": true,
    "checkbox": true,
    "is_pined": true,
    "url": "",
    "reminder": "2019-12-15T12:00:00Z",
    "color": null,
    "label": [],
    "collaborators": []
  }
},
{
  "model": "note.notes",
  "pk": 26,
  "fields": {
    "user": 1,
    "title": "defdf",
    "note": "dfdf",
    "image": "",
    "is_archive": false,
    "is_trashed": false,
    "is_copied": false,
    "checkbox": false,
    "is_pined": false,
    "url": "",
    "reminder": "2019-12-15T12:00:00Z",
    "color": null,
    "label": [],
    "collaborators": []
  }
},
{
  "model": "note.notes",
  "pk": 27,
  "fields": {
    "user": 1,
    "title": "defdf",
    "note": "dfdf",
    "image": "",
    "is_archive": false,
    "is_trashed": false,
    "is_copied": false,
    "checkbox": false,
    "is_pined": false,
    "url": "",
    "reminder": "2019-12-15T12:00:00Z",
    "color": null,
    "label": [],
    "collaborators": []
  }
},
{
  "model": "note.notes",
  "pk": 28,
  "fields": {
    "user": 1,
    "title": "defdf",
    "note": "dfdf",
    "image": "",
    "is_archive": false,
    "is_trashed": false,
    "is_copied": false,
    "checkbox": false,
    "is_pined": false,
    "url": "",
    "reminder": "2019-12-15T12:00:00Z",
    "color": null,
    "label": [],
    "collaborators": []
  }
},
{
  "model": "note.notes",
  "pk": 29,
  "fields": {
    "user": 1,
    "title": "defdf",
    "note": "dfdf",
    "image": "",
    "is_archive": false,
    "is_trashed": false,
    "is_copied": false,
    "checkbox": false,
    "is_pined": false,
    "url": "",
    "reminder": "2019-12-15T12:00:00Z",
    "color": null,
    "label": [],
    "collaborators": []
  }
},
{
  "model": "note.notes",
  "pk": 30,
  "fields": {
    "user": 1,
    "title": "defdf",
    "note": "dfdf",
    "image": "",
    "is_archive": false,
    "is_trashed": false,
    "is_copied": false,
    "checkbox": false,
    "is_pined": false,
    "url": "",
    "reminder": "2019-12-15T12:00:00Z",
    "color": null,
    "label": [],
    "collaborators": []
  }
},
{
  "model": "note.notes",
  "pk": 31,
  "fields": {
    "user": 1,
    "title": "defdf",
    "note": "dfdf",
    "image": "",
    "is_archive": false,
    "is_trashed": false,
    "is_copied": false,
    "checkbox": false,
    "is_pined": false,
    "url": "",
    "reminder": "2019-12-15T12:00:00Z",
    "color": null,
    "label": [],
    "collaborators": []
  }
},
{
  "model": "note.notes",
  "pk": 32,
  "fields": {
    "user": 1,
    "title": "defdf",
    "note": "dfdf",
    "image": "",
    "is_archive": false,
    "is_trashed": false,
    "is_copied": false,
    "checkbox": false,
    "is_pined": false,
    "url": "",
    "reminder": "2019-12-15T12:00:00Z",
    "color": null,
    "label": [],
    "collaborators": []
  }
},
{
  "model": "note.notes",
  "pk": 33,
  "fields": {
    "user": 1,
    "title": "defdf",
    "note": "dfdf",
    "image": "",
    "is_archive": false,
    "is_trashed": false,
    "is_copied": false,
    "checkbox": false,
    "is_pined": false,
    "url": "",
    "reminder": "2019-12-15T12:00:00Z",
    "color": null,
    "label": [],
    "collaborators": []
  }
},
{
  "model": "note.notes",
  "pk": 34,
  "fields": {
    "user": 1,
    "title": "defdf",
    "note": "dfdf",
    "image": "",
    "is_archive": false,
    "is_trashed": false,
    "is_copied": false,
    "checkbox": false,
    "is_pined": false,
    "url": "",
    "reminder": "2019-12-15T12:00:00Z",
    "color": null,
    "label": [],
    "collaborators": []
  }
},
{
  "model": "note.notes",
  "pk": 35,
  "fields": {
    "user": 1,
    "title": "defdf",
    "note": "dfdf",
    "image": "",
    "is_archive": false,
    "is_trashed": false,
    "is_copied": false,
    "checkbox": false,
    "is_pined": false,
    "url": "",
    "reminder": "2019-12-15T12:00:00Z",
    "color": null,
    "label": [],
    "collaborators": []
  }
},
{
  "model": "note.notes",
  "pk": 36,
  "fields": {
    "user": 1,
    "title": "defdf",
    "note": "dfdf",
    "image": "",
    "is_archive": false,
    "is_trashed": false,
    "is_copied": false,
    "checkbox": false,
    "is_pined": false,
    "url": "",
    "reminder": "2019-12-15T12:00:00Z",
    "color": null,
    "label": [],
    "collaborators": []
  }
},
{
  "model": "note.notes",
  "pk": 37,
  "fields": {
    "user": 1,
    "title": "defdf",
    "note": "dfdf",
    "image": "",
    "is_archive": false,
    "is_trashed": false,
    "is_copied": false,
    "checkbox": false,
    "is_pined": false,
    "url": "",
    "reminder": "2019-12-15T12:00:00Z",
    "color": null,
    "label": [],
    "collaborators": []
  }
},
{
  "model": "note.notes",
  "pk": 38,
  "fields": {
    "user": 1,
    "title": "defdf",
    "note": "dfdf",
    "image": "",
    "is_archive": false,
    "is_trashed": false,
    "is_copied": false,
    "checkbox": false,
    "is_pined": false,
    "url": "",
    "reminder": "2019-12-15T12:00:00Z",
    "color": null,
    "label": [],
    "collaborators": []
  }
},
{
  "model": "note.notes",
  "pk": 39,
  "fields": {
    "user": 1,
    "title": "defdf",
    "note": "dfdf",
    "image": "",
    "is_archive": false,
    "is_trashed": false,
    "is_copied": false,
    "checkbox": false,
    "is_pined": false,
    "url": "",
    "reminder": "2019-12-15T12:00:00Z",
    "color": null,
    "label": [],
    "collaborators": []
  }
},
{
  "model": "note.notes",
  "pk": 40,
  "fields": {
    "user": 1,
    "title": "defdf",
    "note": "dfdf",
    "image": "",
    "is_archive": false,
    "is_trashed": false,
    "is_copied": false,
    "checkbox": false,
    "is_pined": false,
    "url": "",
    "reminder": "2019-12-15T12:00:00Z",
    "color": null,
    "label": [],
    "collaborators": []
  }
},
{
  "model": "note.notes",
  "pk": 41,
  "fields": {
    "user": 1,
    "title": "defdf",
    "note": "dfdf",
    "image": "",
    "is_archive": false,
    "is_trashed": false,
    "is_copied": false,
    "checkbox": false,
    "is_pined": false,
    "url": "",
    "reminder": "2019-12-15T12:00:00Z",
    "color": null,
    "label": [],
    "collaborators": []
  }
},
{
  "model": "note.notes",
  "pk": 42,
  "fields": {
    "user": 1,
    "title": "defdf",
    "note": "dfdf",
    "image": "",
    "is_archive": false,
    "is_trashed": false,
    "is_copied": false,
    "checkbox": false,
    "is_pined": false,
    "url": "",
    "reminder": "2019-12-15T12:00:00Z",
    "color": null,
    "label": [],
    "collaborators": []
  }
},
{
  "model": "note.notes",
  "pk": 43,
  "fields": {
    "user": 1,
    "title": "defdf",
    "note": "dfdf",
    "image": "",
    "is_archive": false,
    "is_trashed": false,
    "is_copied": false,
    "checkbox": false,
    "is_pined": false,
    "url": "",
    "reminder": "2019-12-15T12:00:00Z",
    "color": null,
    "label": [],
    "collaborators": []
  }
},
{
  "model": "note.notes",
  "pk": 44,
  "fields": {
    "user": 1,
    "title": "defdf",
    "note": "dfdf",
    "image": "",
    "is_archive": false,
    "is_trashed": false,
    "is_copied": false,
    "checkbox": false,
    "is_pined": false,
    "url": "",
    "reminder": "2019-12-15T12:00:00Z",
    "color": null,
    "label": [],
    "collaborators": []
  }
},
{
  "model": "note.notes",
  "pk": 45,
  "fields": {
    "user": 1,
    "title": "defdf",
    "note": "dfdf",
    "image": "",
    "is_archive": false,
    "is_trashed": false,
    "is_copied": false,
    "checkbox": false,
    "is_pined": false,
    "url": "",
    "reminder": "2019-12-15T12:00:00Z",
    "color": null,
    "label": [],
    "collaborators": []
  }
},
{
  "model": "note.notes",
  "pk": 46,
  "fields": {
    "user": 1,
    "title": "defdf",
    "note": "dfdf",
    "image": "",
    "is_archive": false,
    "is_trashed": false,
    "is_copied": false,
    "checkbox": false,
    "is_pined": false,
    "url": "",
    "reminder": "2019-12-15T12:00:00Z",
    "color": null,
    "label": [],
    "collaborators": []
  }
},
{
  "model": "note.notes",
  "pk": 47,
  "fields": {
    "user": 1,
    "title": "defdf",
    "note": "dfdf",
    "image": "",
    "is_archive": false,
    "is_trashed": false,
    "is_copied": false,
    "checkbox": false,
    "is_pined": false,
    "url": "",
    "reminder": "2019-12-15T12:00:00Z",
    "color": null,
    "label": [],
    "collaborators": []
  }
},
{
  "model": "note.notes",
  "pk": 48,
  "fields": {
    "user": 1,
    "title": "defdf",
    "note": "dfdf",
    "image": "",
    "is_archive": false,
    "is_trashed": false,
    "is_copied": false,
    "checkbox": false,
    "is_pined": false,
    "url": "",
    "reminder": "2019-12-15T12:00:00Z",
    "color": null,
    "label": [],
    "collaborators": []
  }
},
{
  "model": "note.notes",
  "pk": 49,
  "fields": {
    "user": 1,
    "title": "defdf",
    "note": "dfdf",
    "image": "",
    "is_archive": false,
    "is_trashed": false,
    "is_copied": false,
    "checkbox": false,
    "is_pined": false,
    "url": "",
    "reminder": "2019-12-15T12:00:00Z",
    "color": null,
    "label": [],
    "collaborators": []
  }
},
{
  "model": "note.notes",
  "pk": 50,
  "fields": {
    "user": 1,
    "title": "defdf",
    "note": "dfdf",
    "image": "",
    "is_archive": false,
    "is_trashed": false,
    "is_copied": false,
    "checkbox": false,
    "is_pined": false,
    "url": "",
    "reminder": "2019-12-15T12:00:00Z",
    "color": null,
    "label": [],
    "collaborators": []
  }
},
{
  "model": "note.notes",
  "pk": 51,
  "fields": {
    "user": 1,
    "title": "defdf",
    "note": "dfdf",
    "image": "",
    "is_archive": false,
    "is_trashed": false,
    "is_copied": false,
    "checkbox": false,
    "is_pined": false,
    "url": "",
    "reminder": "2019-12-15T12:00:00Z",
    "color": null,
    "label": [],
    "collaborators": []
  }
},
{
  "model": "note.notes",
  "pk": 52,
  "fields": {
    "user": 1,
    "title": "defdf",
    "note": "dfdf",
    "image": "",
    "is_archive": false,
    "is_trashed": false,
    "is_copied": false,
    "checkbox": false,
    "is_pined": false,
    "url": "",
    "reminder": "2019-12-15T12:00:00Z",
    "color": null,
    "label": [],
    "collaborators": []
  }
},
{
  "model": "note.notes",
  "pk": 53,
  "fields": {
    "user": 1,
    "title": "defdf",
    "note": "dfdf",
    "image": "",
    "is_archive": false,
    "is_trashed": false,
    "is_copied": false,
    "checkbox": false,
    "is_pined": false,
    "url": "",
    "reminder": "2019-12-15T12:00:00Z",
    "color": null,
    "label": [],
    "collaborators": []
  }
},
{
  "model": "note.notes",
  "pk": 54,
  "fields": {
    "user": 1,
    "title": "defdf",
    "note": "dfdf",
    "image": "",
    "is_archive": false,
    "is_trashed": false,
    "is_copied": false,
    "checkbox": false,
    "is_pined": false,
    "url": "",
    "reminder": "2019-12-15T12:00:00Z",
    "color": null,
    "label": [],
    "collaborators": []
  }
},
{
  "model": "note.notes",
  "pk": 55,
  "fields": {
    "user": 1,
    "title": "defdf",
    "note": "dfdf",
    "image": "",
    "is_archive": false,
    "is_trashed": false,
    "is_copied": false,
    "checkbox": false,
    "is_pined": false,
    "url": "",
    "reminder": "2019-12-15T12:00:00Z",
    "color": null,
    "label": [],
    "collaborators": []
  }
},
{
  "model": "note.notes",
  "pk": 56,
  "fields": {
    "user": 1,
    "title": "defdf",
    "note": "dfdf",
    "image": "",
    "is_archive": false,
    "is_trashed": false,
    "is_copied": false,
    "checkbox": false,
    "is_pined": false,
    "url": "",
    "reminder": "2019-12-15T12:00:00Z",
    "color": null,
    "label": [],
    "collaborators": []
  }
},
{
  "model": "note.notes",
  "pk": 57,
  "fields": {
    "user": 1,
    "title": "defdf",
    "note": "dfdf",
    "image": "",
    "is_archive": false,
    "is_trashed": false,
    "is_copied": false,
    "checkbox": false,
    "is_pined": false,
    "url": "",
    "reminder": "2019-12-15T12:00:00Z",
    "color": null,
    "label": [],
    "collaborators": []
  }
},
{
  "model": "note.notes",
  "pk": 58,
  "fields": {
    "user": 1,
    "title": "defdf",
    "note": "dfdf",
    "image": "",
    "is_archive": false,
    "is_trashed": false,
    "is_copied": false,
    "checkbox": false,
    "is_pined": false,
    "url": "",
    "reminder": "2019-12-15T12:00:00Z",
    "color": null,
    "label": [],
    "collaborators": []
  }
},
{
  "model": "note.notes",
  "pk": 59,
  "fields": {
    "user": 1,
    "title": "defdf",
    "note": "dfdf",
    "image": "",
    "is_archive": false,
    "is_trashed": false,
    "is_copied": false,
    "checkbox": false,
    "is_pined": false,
    "url": "",
    "reminder": "2019-12-15T12:00:00Z",
    "color": null,
    "label": [],
    "collaborators": []
  }
},
{
  "model": "note.notes",
  "pk": 60,
  "fields": {
    "user": 1,
    "title": "defdf",
    "note": "dfdf",
    "image": "",
    "is_archive": false,
    "is_trashed": false,
    "is_copied": false,
    "checkbox": false,
    "is_pined": false,
    "url": "",
    "reminder": "2019-12-15T12:00:00Z",
    "color": null,
    "label": [],
    "collaborators": []
  }
},
{
  "model": "note.notes",
  "pk": 61,
  "fields": {
    "user": 1,
    "title": "defdf",
    "note": "dfdf",
    "image": "",
    "is_archive": false,
    "is_trashed": false,
    "is_copied": false,
    "checkbox": false,
    "is_pined": false,
    "url": "",
    "reminder": "2019-12-15T12:00:00Z",
    "color": null,
    "label": [],
    "collaborators": []
  }
},
{
  "model": "note.notes",
  "pk": 62,
  "fields": {
    "user": 1,
    "title": "defdf",
    "note": "dfdf",
    "image": "",
    "is_archive": false,
    "is_trashed": false,
    "is_copied": false,
    "checkbox": false,
    "is_pined": false,
    "url": "",
    "reminder": "2019-12-15T12:00:00Z",
    "color": null,
    "label": [],
    "collaborators": []
  }
},
{
  "model": "note.notes",
  "pk": 63,
  "fields": {
    "user": 1,
    "title": "defdf",
    "note": "dfdf",
    "image": "",
    "is_archive": false,
    "is_trashed": false,
    "is_copied": false,
    "checkbox": false,
    "is_pined": false,
    "url": "",
    "reminder": "2019-12-15T12:00:00Z",
    "color": null,
    "label": [],
    "collaborators": []
  }
},
{
  "model": "note.notes",
  "pk": 64,
  "fields": {
    "user": 1,
    "title": "defdf",
    "note": "dfdf",
    "image": "",
    "is_archive": false,
    "is_trashed": false,
    "is_copied": false,
    "checkbox": false,
    "is_pined": false,
    "url": "",
    "reminder": "2019-12-15T12:00:00Z",
    "color": null,
    "label": [],
    "collaborators": []
  }
},
{
  "model": "note.notes",
  "pk": 65,
  "fields": {
    "user": 1,
    "title": "defdf",
    "note": "dfdf",
    "image": "",
    "is_archive": false,
    "is_trashed": false,
    "is_copied": false,
    "checkbox": false,
    "is_pined": false,
    "url": "",
    "reminder": "2019-12-15T12:00:00Z",
    "color": null,
    "label": [],
    "collaborators": []
  }
},
{
  "model": "note.notes",
  "pk": 66,
  "fields": {
    "user": 1,
    "title": "defdf",
    "note": "dfdf",
    "image": "",
    "is_archive": false,
    "is_trashed": false,
    "is_copied": false,
    "checkbox": false,
    "is_pined": false,
    "url": "",
    "reminder": "2019-12-15T12:00:00Z",
    "color": null,
    "label": [],
    "collaborators": []
  }
},
{
  "model": "note.notes",
  "pk": 67,
  "fields": {
    "user": 1,
    "title": "defdf",
    "note": "dfdf",
    "image": "",
    "is_archive": false,
    "is_trashed": false,
    "is_copied": false,
    "checkbox": false,
    "is_pined": false,
    "url": "",
    "reminder": "2019-12-15T12:00:00Z",
    "color": null,
    "label": [],
    "collaborators": []
  }
},
{
  "model": "note.notes",
  "pk": 68,
  "fields": {
    "user": 1,
    "title": "defdf",
    "note": "dfdf",
    "image": "",
    "is_archive": false,
    "is_trashed": false,
    "is_copied": false,
    "checkbox": false,
    "is_pined": false,
    "url": "",
    "reminder": "2019-12-15T12:00:00Z",
    "color": null,
    "label": [],
    "collaborators": []
  }
},
{
  "model": "note.notes",
  "pk": 69,
  "fields": {
    "user": 1,
    "title": "defdf",
    "note": "dfdf",
    "image": "",
    "is_archive": false,
    "is_trashed": false,
    "is_copied": false,
    "checkbox": false,
    "is_pined": false,
    "url": "",
    "reminder": "2019-12-15T12:00:00Z",
    "color": null,
    "label": [],
    "collaborators": []
  }
},
{
  "model": "note.notes",
  "pk": 70,
  "fields": {
    "user": 1,
    "title": "defdf",
    "note": "dfdf",
    "image": "",
    "is_archive": false,
    "is_trashed": false,
    "is_copied": false,
    "checkbox": false,
    "is_pined": false,
    "url": "",
    "reminder": "2019-12-15T12:00:00Z",
    "color": null,
    "label": [],
    "collaborators": []
  }
},
{
  "model": "note.notes",
  "pk": 71,
  "fields": {
    "user": 1,
    "title": "defdf",
    "note": "dfdf",
    "image": "",
    "is_archive": false,
    "is_trashed": false,
    "is_copied": false,
    "checkbox": false,
    "is_pined": false,
    "url": "",
    "reminder": "2019-12-15T12:00:00Z",
    "color": null,
    "label": [],
    "collaborators": []
  }
},
{
  "model": "note.notes",
  "pk": 72,
  "fields": {
    "user": 1,
    "title": "defdf",
    "note": "dfdf",
    "image": "",
    "is_archive": false,
    "is_trashed": false,
    "is_copied": false,
    "checkbox": false,
    "is_pined": false,
    "url": "",
    "reminder": "2019-12-15T12:00:00Z",
    "color": null,
    "label": [],
    "collaborators": []
  }
},
{
  "model": "note.notes",
  "pk": 73,
  "fields": {
    "user": 1,
    "title": "defdf",
    "note": "dfdf",
    "image": "",
    "is_archive": false,
    "is_trashed": false,
    "is_copied": false,
    "checkbox": false,
    "is_pined": false,
    "url": "",
    "reminder": "2019-12-15T12:00:00Z",
    "color": null,
    "label": [],
    "collaborators": []
  }
},
{
  "model": "note.notes",
  "pk": 74,
  "fields": {
    "user": 1,
    "title": "defdf",
    "note": "dfdf",
    "image": "",
    "is_archive": false,
    "is_trashed": false,
    "is_copied": false,
    "checkbox": false,
    "is_pined": false,
    "url": "",
    "reminder": "2019-12-15T12:00:00Z",
    "color": null,
    "label": [],
    "collaborators": []
  }
},
{
  "model": "note.notes",
  "pk": 75,
  "fields": {
    "user": 1,
    "title": "defdf",
    "note": "dfdf",
    "image": "",
    "is_archive": false,
    "is_trashed": false,
    "is_copied": false,
    "checkbox": false,
    "is_pined": false,
    "url": "",
    "reminder": "2019-12-15T12:00:00Z",
    "color": null,
    "label": [],
    "collaborators": []
  }
},
{
  "model": "note.notes",
  "pk": 76,
  "fields": {
    "user": 1,
    "title": "defdf",
    "note": "dfdf",
    "image": "",
    "is_archive": false,
    "is_trashed": false,
    "is_copied": false,
    "checkbox": false,
    "is_pined": false,
    "url": "",
    "reminder": "2019-12-15T12:00:00Z",
    "color": null,
    "label": [],
    "collaborators": []
  }
},
{
  "model": "note.notes",
  "pk": 77,
  "fields": {
    "user": 1,
    "title": "defdf",
    "note": "dfdf",
    "image": "",
    "is_archive": false,
    "is_trashed": false,
    "is_copied": false,
    "checkbox": false,
    "is_pined": false,
    "url": "",
    "reminder": "2019-12-15T12:00:00Z",
    "color": null,
    "label": [],
    "collaborators": []
  }
},
{
  "model": "note.notes",
  "pk": 78,
  "fields": {
    "user": 1,
    "title": "defdf",
    "note": "dfdf",
    "image": "",
    "is_archive": false,
    "is_trashed": false,
    "is_copied": false,
    "checkbox": false,
    "is_pined": false,
    "url": "",
    "reminder": "2019-12-15T12:00:00Z",
    "color": null,
    "label": [],
    "collaborators": []
  }
},
{
  "model": "note.notes",
  "pk": 79,
  "fields": {
    "user": 1,
    "title": "string",
    "note": "string",
    "image": "",
    "is_archive": false,
    "is_trashed": false,
    "is_copied": false,
    "checkbox": false,
    "is_pined": false,
    "url": "",
    "reminder": "2019-12-11T12:00:00Z",
    "color": null,
    "label": [],
    "collaborators": []
  }
},
{
  "model": "note.notes",
  "pk": 80,
  "fields": {
    "user": 1,
    "title": "c",
    "note": "c",
    "image": "",
    "is_archive": false,
    "is_trashed": false,
    "is_copied": false,
    "checkbox": false,
    "is_pined": false,
    "url": "",
    "reminder": null,
    "color": null,
    "label": [],
    "collaborators": []
  }
},
{
  "model": "note.notes",
  "pk": 81,
  "fields": {
    "user": 1,
    "title": "d",
    "note": "d",
    "image": "",
    "is_archive": true,
    "is_trashed": false,
    "is_copied": false,
    "checkbox": false,
    "is_pined": false,
    "url": "",
    "reminder": null,
    "color": "#571212",
    "label": [
      4
    ],
    "collaborators": [
      1
    ]
  }
},
{
  "model": "note.notes",
  "pk": 82,
  "fields": {
    "user": 1,
    "title": "string",
    "note": "string",
    "image": "",
    "is_archive": true,
    "is_trashed": false,
    "is_copied": false,
    "checkbox": false,
    "is_pined": false,
    "url": "",
    "reminder": null,
    "color": null,
    "label": [],
    "collaborators": [
      1
    ]
  }
},
{
  "model": "note.notes",
  "pk": 83,
  "fields": {
    "user": 1,
    "title": "hello",
    "note": "hnhn",
    "image": "",
    "is_archive": false,
    "is_trashed": false,
    "is_copied": false,
    "checkbox": false,
    "is_pined": false,
    "url": "",
    "reminder": null,
    "color": null,
    "label": [],
    "collaborators": []
  }
},
{
  "model": "note.notes",
  "pk": 84,
  "fields": {
    "user": 1,
    "title": "hello",
    "note": "hnhn",
    "image": "",
    "is_archive": false,
    "is_trashed": false,
    "is_copied": false,
    "checkbox": false,
    "is_pined": false,
    "url": "",
    "reminder": null,
    "color": null,
    "label": [],
    "collaborators": []
  }
},
{
  "model": "note.notes",
  "pk": 85,
  "fields": {
    "user": 1,
    "title": "hello",
    "note": "hnhn",
    "image": "",
    "is_archive": false,
    "is_trashed": false,
    "is_copied": false,
    "checkbox": false,
    "is_pined": false,
    "url": "",
    "reminder": null,
    "color": null,
    "label": [],
    "collaborators": []
  }
},
{
  "model": "note.notes",
  "pk": 86,
  "fields": {
    "user": 1,
    "title": "hello",
    "note": "hnhn",
    "image": "",
    "is_archive": false,
    "is_trashed": false,
    "is_copied": false,
    "checkbox": false,
    "is_pined": false,
    "url": "",
    "reminder": null,
    "color": null,
    "label": [],
    "collaborators": []
  }
},
{
  "model": "note.notes",
  "pk": 87,
  "fields": {
    "user": 1,
    "title": "string",
    "note": "string",
    "image": "",
    "is_archive": true,
    "is_trashed": false,
    "is_copied": false,
    "checkbox": false,
    "is_pined": false,
    "url": "",
    "reminder": null,
    "color": null,
    "label": [],
    "collaborators": []
  }
},
{
  "model": "note.notes",
  "pk": 88,
  "fields": {
    "user": 1,
    "title": "hello",
    "note": "hnhn",
    "image": "",
    "is_archive": false,
    "is_trashed": false,
    "is_copied": false,
    "checkbox": false,
    "is_pined": false,
    "url": "",
    "reminder": null,
    "color": null,
    "label": [],
    "collaborators": []
  }
},
{
  "model": "note.notes",
  "pk": 89,
  "fields": {
    "user": 1,
    "title": "string",
    "note": "string",
    "image": "",
    "is_archive": true,
    "is_trashed": false,
    "is_copied": false,
    "checkbox": false,
    "is_pined": false,
    "url": "",
    "reminder": null,
    "color": null,
    "label": [],
    "collaborators": []
  }
},
{
  "model": "note.notes",
  "pk": 90,
  "fields": {
    "user": 1,
    "title": "hello",
    "note": "hnhn",
    "image": "",
    "is_archive": false,
    "is_trashed": false,
    "is_copied": false,
    "checkbox": false,
    "is_pined": false,
    "url": "",
    "reminder": null,
    "color": null,
    "label": [],
    "collaborators": []
  }
},
{
  "model": "note.notes",
  "pk": 91,
  "fields": {
    "user": 1,
    "title": "string",
    "note": "string",
    "image": "",
    "is_archive": true,
    "is_trashed": false,
    "is_copied": false,
    "checkbox": false,
    "is_pined": false,
    "url": "",
    "reminder": null,
    "color": null,
    "label": [],
    "collaborators": []
  }
},
{
  "model": "note.notes",
  "pk": 92,
  "fields": {
    "user": 9,
    "title": "gn",
    "note": "gn",
    "image": "",
    "is_archive": false,
    "is_trashed": false,
    "is_copied": false,
    "checkbox": false,
    "is_pined": false,
    "url": "",
    "reminder": null,
    "color": null,
    "label": [],
    "collaborators": []
  }
},
{
  "model": "note.notes",
  "pk": 93,
  "fields": {
    "user": 9,
    "title": "gn",
    "note": "gn",
    "image": "",
    "is_archive": false,
    "is_trashed": false,
    "is_copied": false,
    "checkbox": false,
    "is_pined": false,
    "url": "",
    "reminder": null,
    "color": null,
    "label": [],
    "collaborators": []
  }
},
{
  "model": "note.notes",
  "pk": 94,
  "fields": {
    "user": 9,
    "title": "dv",
    "note": "dvd",
    "image": "",
    "is_archive": false,
    "is_trashed": false,
    "is_copied": false,
    "checkbox": false,
    "is_pined": false,
    "url": "",
    "reminder": null,
    "color": null,
    "label": [],
    "collaborators": []
  }
},
{
  "model": "note.notes",
  "pk": 95,
  "fields": {
    "user": 9,
    "title": "dv",
    "note": "",
    "image": "",
    "is_archive": false,
    "is_trashed": false,
    "is_copied": false,
    "checkbox": false,
    "is_pined": false,
    "url": "",
    "reminder": null,
    "color": null,
    "label": [],
    "collaborators": []
  }
},
{
  "model": "note.notes",
  "pk": 96,
  "fields": {
    "user": 9,
    "title": "dv",
    "note": "",
    "image": "",
    "is_archive": false,
    "is_trashed": false,
    "is_copied": false,
    "checkbox": false,
    "is_pined": false,
    "url": "",
    "reminder": null,
    "color": null,
    "label": [],
    "collaborators": []
  }
},
{
  "model": "note.notes",
  "pk": 97,
  "fields": {
    "user": 9,
    "title": "dv",
    "note": "",
    "image": "",
    "is_archive": false,
    "is_trashed": false,
    "is_copied": false,
    "checkbox": false,
    "is_pined": false,
    "url": "",
    "reminder": null,
    "color": null,
    "label": [],
    "collaborators": []
  }
},
{
  "model": "note.notes",
  "pk": 98,
  "fields": {
    "user": 9,
    "title": "dv",
    "note": "",
    "image": "",
    "is_archive": false,
    "is_trashed": false,
    "is_copied": false,
    "checkbox": false,
    "is_pined": false,
    "url": "",
    "reminder": null,
    "color": null,
    "label": [],
    "collaborators": []
  }
},
{
  "model": "note.notes",
  "pk": 99,
  "fields": {
    "user": 9,
    "title": "dv",
    "note": "",
    "image": "",
    "is_archive": false,
    "is_trashed": false,
    "is_copied": false,
    "checkbox": false,
    "is_pined": false,
    "url": "",
    "reminder": null,
    "color": null,
    "label": [],
    "collaborators": []
  }
},
{
  "model": "note.notes",
  "pk": 100,
  "fields": {
    "user": 9,
    "title": "dv",
    "note": "",
    "image": "",
    "is_archive": false,
    "is_trashed": false,
    "is_copied": false,
    "checkbox": false,
    "is_pined": false,
    "url": "",
    "reminder": null,
    "color": null,
    "label": [],
    "collaborators": []
  }
},
{
  "model": "note.notes",
  "pk": 101,
  "fields": {
    "user": 9,
    "title": "dv",
    "note": "dvd",
    "image": "",
    "is_archive": false,
    "is_trashed": false,
    "is_copied": false,
    "checkbox": false,
    "is_pined": false,
    "url": "",
    "reminder": null,
    "color": null,
    "label": [],
    "collaborators": []
  }
},
{
  "model": "note.notes",
  "pk": 102,
  "fields": {
    "user": 1,
    "title": "fb",
    "note": "fb",
    "image": "",
    "is_archive": false,
    "is_trashed": false,
    "is_copied": false,
    "checkbox": false,
    "is_pined": false,
    "url": "",
    "reminder": null,
    "color": null,
    "label": [],
    "collaborators": []
  }
},
{
  "model": "note.notes",
  "pk": 103,
  "fields": {
    "user": 1,
    "title": "fb",
    "note": "fb",
    "image": "",
    "is_archive": false,
    "is_trashed": false,
    "is_copied": false,
    "checkbox": false,
    "is_pined": false,
    "url": "",
    "reminder": null,
    "color": null,
    "label": [],
    "collaborators": []
  }
},
{
  "model": "note.notes",
  "pk": 104,
  "fields": {
    "user": 9,
    "title": "stcring",
    "note": "cv",
    "image": "",
    "is_archive": false,
    "is_trashed": false,
    "is_copied": false,
    "checkbox": false,
    "is_pined": false,
    "url": "",
    "reminder": null,
    "color": null,
    "label": [],
    "collaborators": []
  }
},
{
  "model": "note.notes",
  "pk": 105,
  "fields": {
    "user": 9,
    "title": "string",
    "note": "string",
    "image": "",
    "is_archive": true,
    "is_trashed": false,
    "is_copied": false,
    "checkbox": false,
    "is_pined": false,
    "url": "",
    "reminder": null,
    "color": null,
    "label": [],
    "collaborators": []
  }
},
{
  "model": "note.notes",
  "pk": 106,
  "fields": {
    "user": 9,
    "title": "string",
    "note": "string",
    "image": "",
    "is_archive": true,
    "is_trashed": false,
    "is_copied": false,
    "checkbox": false,
    "is_pined": false,
    "url": "",
    "reminder": null,
    "color": null,
    "label": [],
    "collaborators": []
  }
},
{
  "model": "note.notes",
  "pk": 107,
  "fields": {
    "user": 8,
    "title": "admin",
    "note": "admin",
    "image": "",
    "is_archive": false,
    "is_trashed": false,
    "is_copied": false,
    "checkbox": false,
    "is_pined": false,
    "url": "",
    "reminder": null,
    "color": null,
    "label": [],
    "collaborators": []
  }
},
{
  "model": "note.notes",
  "pk": 108,
  "fields": {
    "user": 1,
    "title": "hello",
    "note": "hnhn",
    "image": "",
    "is_archive": false,
    "is_trashed": false,
    "is_copied": false,
    "checkbox": false,
    "is_pined": false,
    "url": "",
    "reminder": null,
    "color": null,
    "label": [],
    "collaborators": []
  }
},
{
  "model": "note.notes",
  "pk": 109,
  "fields": {
    "user": 1,
    "title": "string",
    "note": "string",
    "image": "",
    "is_archive": true,
    "is_trashed": false,
    "is_copied": false,
    "checkbox": false,
    "is_pined": false,
    "url": "",
    "reminder": null,
    "color": null,
    "label": [],
    "collaborators": []
  }
},
{
  "model": "note.notes",
  "pk": 110,
  "fields": {
    "user": 1,
    "title": "hello",
    "note": "hnhn",
    "image": "",
    "is_archive": false,
    "is_trashed": false,
    "is_copied": false,
    "checkbox": false,
    "is_pined": false,
    "url": "",
    "reminder": null,
    "color": null,
    "label": [],
    "collaborators": []
  }
},
{
  "model": "note.notes",
  "pk": 111,
  "fields": {
    "user": 1,
    "title": "string",
    "note": "string",
    "image": "",
    "is_archive": true,
    "is_trashed": false,
    "is_copied": false,
    "checkbox": false,
    "is_pined": false,
    "url": "",
    "reminder": null,
    "color": null,
    "label": [],
    "collaborators": []
  }
},
{
  "model": "note.notes",
  "pk": 112,
  "fields": {
    "user": 1,
    "title": "hello",
    "note": "hnhn",
    "image": "",
    "is_archive": false,
    "is_trashed": false,
    "is_copied": false,
    "checkbox": false,
    "is_pined": false,
    "url": "",
    "reminder": null,
    "color": null,
    "label": [],
    "collaborators": []
  }
},
{
  "model": "note.notes",
  "pk": 113,
  "fields": {
    "user": 1,
    "title": "string",
    "note": "string",
    "image": "",
    "is_archive": true,
    "is_trashed": false,
    "is_copied": false,
    "checkbox": false,
    "is_pined": false,
    "url": "",
    "reminder": null,
    "color": null,
    "label": [],
    "collaborators": []
  }
},
{
  "model": "note.notes",
  "pk": 114,
  "fields": {
    "user": 1,
    "title": "hello",
    "note": "hnhn",
    "image": "",
    "is_archive": false,
    "is_trashed": false,
    "is_copied": false,
    "checkbox": false,
    "is_pined": false,
    "url": "",
    "reminder": null,
    "color": null,
    "label": [],
    "collaborators": []
  }
},
{
  "model": "note.notes",
  "pk": 115,
  "fields": {
    "user": 1,
    "title": "string",
    "note": "string",
    "image": "",
    "is_archive": true,
    "is_trashed": false,
    "is_copied": false,
    "checkbox": false,
    "is_pined": false,
    "url": "",
    "reminder": null,
    "color": null,
    "label": [],
    "collaborators": []
  }
},
{
  "model": "note.notes",
  "pk": 116,
  "fields": {
    "user": 1,
    "title": "hello",
    "note": "hnhn",
    "image": "",
    "is_archive": false,
    "is_trashed": false,
    "is_copied": false,
    "checkbox": false,
    "is_pined": false,
    "url": "",
    "reminder": null,
    "color": null,
    "label": [],
    "collaborators": []
  }
},
{
  "model": "note.notes",
  "pk": 117,
  "fields": {
    "user": 1,
    "title": "string",
    "note": "string",
    "image": "",
    "is_archive": true,
    "is_trashed": false,
    "is_copied": false,
    "checkbox": false,
    "is_pined": false,
    "url": "",
    "reminder": null,
    "color": null,
    "label": [],
    "collaborators": []
  }
},
{
  "model": "note.notes",
  "pk": 118,
  "fields": {
    "user": 1,
    "title": "hello",
    "note": "hnhn",
    "image": "",
    "is_archive": false,
    "is_trashed": false,
    "is_copied": false,
    "checkbox": false,
    "is_pined": false,
    "url": "",
    "reminder": null,
    "color": null,
    "label": [],
    "collaborators": []
  }
},
{
  "model": "note.notes",
  "pk": 119,
  "fields": {
    "user": 1,
    "title": "string",
    "note": "string",
    "image": "",
    "is_archive": true,
    "is_trashed": false,
    "is_copied": false,
    "checkbox": false,
    "is_pined": false,
    "url": "",
    "reminder": null,
    "color": null,
    "label": [],
    "collaborators": []
  }
},
{
  "model": "note.notes",
  "pk": 120,
  "fields": {
    "user": 1,
    "title": "hello",
    "note": "hnhn",
    "image": "",
    "is_archive": false,
    "is_trashed": false,
    "is_copied": false,
    "checkbox": false,
    "is_pined": false,
    "url": "",
    "reminder": null,
    "color": null,
    "label": [],
    "collaborators": []
  }
},
{
  "model": "note.notes",
  "pk": 121,
  "fields": {
    "user": 1,
    "title": "string",
    "note": "string",
    "image": "",
    "is_archive": true,
    "is_trashed": false,
    "is_copied": false,
    "checkbox": false,
    "is_pined": false,
    "url": "",
    "reminder": null,
    "color": null,
    "label": [],
    "collaborators": []
  }
},
{
  "model": "note.notes",
  "pk": 122,
  "fields": {
    "user": 1,
    "title": "hello",
    "note": "hnhn",
    "image": "",
    "is_archive": false,
    "is_trashed": false,
    "is_copied": false,
    "checkbox": false,
    "is_pined": false,
    "url": "",
    "reminder": null,
    "color": null,
    "label": [],
    "collaborators": []
  }
},
{
  "model": "note.notes",
  "pk": 123,
  "fields": {
    "user": 1,
    "title": "string",
    "note": "string",
    "image": "",
    "is_archive": true,
    "is_trashed": false,
    "is_copied": false,
    "checkbox": false,
    "is_pined": false,
    "url": "",
    "reminder": null,
    "color": null,
    "label": [],
    "collaborators": []
  }
},
{
  "model": "note.notes",
  "pk": 124,
  "fields": {
    "user": 1,
    "title": "hello",
    "note": "hnhn",
    "image": "",
    "is_archive": false,
    "is_trashed": false,
    "is_copied": false,
    "checkbox": false,
    "is_pined": false,
    "url": "",
    "reminder": null,
    "color": null,
    "label": [],
    "collaborators": []
  }
},
{
  "model": "note.notes",
  "pk": 125,
  "fields": {
    "user": 1,
    "title": "string",
    "note": "string",
    "image": "",
    "is_archive": true,
    "is_trashed": false,
    "is_copied": false,
    "checkbox": false,
    "is_pined": false,
    "url": "",
    "reminder": null,
    "color": null,
    "label": [],
    "collaborators": []
  }
},
{
  "model": "note.notes",
  "pk": 126,
  "fields": {
    "user": 1,
    "title": "hello",
    "note": "hnhn",
    "image": "",
    "is_archive": false,
    "is_trashed": false,
    "is_copied": false,
    "checkbox": false,
    "is_pined": false,
    "url": "",
    "reminder": null,
    "color": null,
    "label": [],
    "collaborators": []
  }
},
{
  "model": "note.notes",
  "pk": 127,
  "fields": {
    "user": 1,
    "title": "string",
    "note": "string",
    "image": "",
    "is_archive": true,
    "is_trashed": false,
    "is_copied": false,
    "checkbox": false,
    "is_pined": false,
    "url": "",
    "reminder": null,
    "color": null,
    "label": [],
    "collaborators": []
  }
},
{
  "model": "note.notes",
  "pk": 128,
  "fields": {
    "user": 1,
    "title": "hello",
    "note": "hnhn",
    "image": "",
    "is_archive": false,
    "is_trashed": false,
    "is_copied": false,
    "checkbox": false,
    "is_pined": false,
    "url": "",
    "reminder": null,
    "color": null,
    "label": [],
    "collaborators": []
  }
},
{
  "model": "note.notes",
  "pk": 129,
  "fields": {
    "user": 1,
    "title": "string",
    "note": "string",
    "image": "",
    "is_archive": true,
    "is_trashed": false,
    "is_copied": false,
    "checkbox": false,
    "is_pined": false,
    "url": "",
    "reminder": null,
    "color": null,
    "label": [],
    "collaborators": []
  }
},
{
  "model": "note.notes",
  "pk": 130,
  "fields": {
    "user": 1,
    "title": "hello",
    "note": "hnhn",
    "image": "",
    "is_archive": false,
    "is_trashed": false,
    "is_copied": false,
    "checkbox": false,
    "is_pined": false,
    "url": "",
    "reminder": null,
    "color": null,
    "label": [],
    "collaborators": []
  }
},
{
  "model": "note.notes",
  "pk": 131,
  "fields": {
    "user": 1,
    "title": "string",
    "note": "string",
    "image": "",
    "is_archive": true,
    "is_trashed": false,
    "is_copied": false,
    "checkbox": false,
    "is_pined": false,
    "url": "",
    "reminder": null,
    "color": null,
    "label": [],
    "collaborators": []
  }
},
{
  "model": "note.notes",
  "pk": 132,
  "fields": {
    "user": 1,
    "title": "hello",
    "note": "hnhn",
    "image": "",
    "is_archive": false,
    "is_trashed": false,
    "is_copied": false,
    "checkbox": false,
    "is_pined": false,
    "url": "",
    "reminder": null,
    "color": null,
    "label": [],
    "collaborators": []
  }
},
{
  "model": "note.notes",
  "pk": 133,
  "fields": {
    "user": 1,
    "title": "string",
    "note": "string",
    "image": "",
    "is_archive": true,
    "is_trashed": false,
    "is_copied": false,
    "checkbox": false,
    "is_pined": false,
    "url": "",
    "reminder": null,
    "color": null,
    "label": [],
    "collaborators": []
  }
},
{
  "model": "note.notes",
  "pk": 134,
  "fields": {
    "user": 1,
    "title": "hello",
    "note": "hnhn",
    "image": "",
    "is_archive": false,
    "is_trashed": false,
    "is_copied": false,
    "checkbox": false,
    "is_pined": false,
    "url": "",
    "reminder": null,
    "color": null,
    "label": [],
    "collaborators": []
  }
},
{
  "model": "note.notes",
  "pk": 135,
  "fields": {
    "user": 1,
    "title": "string",
    "note": "string",
    "image": "",
    "is_archive": true,
    "is_trashed": false,
    "is_copied": false,
    "checkbox": false,
    "is_pined": false,
    "url": "",
    "reminder": null,
    "color": null,
    "label": [],
    "collaborators": []
  }
},
{
  "model": "note.notes",
  "pk": 136,
  "fields": {
    "user": 1,
    "title": "hello",
    "note": "hnhn",
    "image": "",
    "is_archive": false,
    "is_trashed": false,
    "is_copied": false,
    "checkbox": false,
    "is_pined": false,
    "url": "",
    "reminder": null,
    "color": null,
    "label": [],
    "collaborators": []
  }
},
{
  "model": "note.notes",
  "pk": 137,
  "fields": {
    "user": 1,
    "title": "string",
    "note": "string",
    "image": "",
    "is_archive": true,
    "is_trashed": false,
    "is_copied": false,
    "checkbox": false,
    "is_pined": false,
    "url": "",
    "reminder": null,
    "color": null,
    "label": [],
    "collaborators": []
  }
},
{
  "model": "note.notes",
  "pk": 138,
  "fields": {
    "user": 1,
    "title": "hello",
    "note": "hnhn",
    "image": "",
    "is_archive": false,
    "is_trashed": false,
    "is_copied": false,
    "checkbox": false,
    "is_pined": false,
    "url": "",
    "reminder": null,
    "color": null,
    "label": [],
    "collaborators": []
  }
},
{
  "model": "note.notes",
  "pk": 139,
  "fields": {
    "user": 1,
    "title": "string",
    "note": "string",
    "image": "",
    "is_archive": true,
    "is_trashed": false,
    "is_copied": false,
    "checkbox": false,
    "is_pined": false,
    "url": "",
    "reminder": null,
    "color": null,
    "label": [],
    "collaborators": []
  }
},
{
  "model": "note.notes",
  "pk": 140,
  "fields": {
    "user": 1,
    "title": "hello",
    "note": "hnhn",
    "image": "",
    "is_archive": false,
    "is_trashed": false,
    "is_copied": false,
    "checkbox": false,
    "is_pined": false,
    "url": "",
    "reminder": null,
    "color": null,
    "label": [],
    "collaborators": []
  }
},
{
  "model": "note.notes",
  "pk": 141,
  "fields": {
    "user": 1,
    "title": "string",
    "note": "string",
    "image": "",
    "is_archive": true,
    "is_trashed": false,
    "is_copied": false,
    "checkbox": false,
    "is_pined": false,
    "url": "",
    "reminder": null,
    "color": null,
    "label": [],
    "collaborators": []
  }
},
{
  "model": "note.notes",
  "pk": 142,
  "fields": {
    "user": 1,
    "title": "hello",
    "note": "hnhn",
    "image": "",
    "is_archive": false,
    "is_trashed": false,
    "is_copied": false,
    "checkbox": false,
    "is_pined": false,
    "url": "",
    "reminder": null,
    "color": null,
    "label": [],
    "collaborators": []
  }
},
{
  "model": "note.notes",
  "pk": 143,
  "fields": {
    "user": 1,
    "title": "string",
    "note": "string",
    "image": "",
    "is_archive": true,
    "is_trashed": false,
    "is_copied": false,
    "checkbox": false,
    "is_pined": false,
    "url": "",
    "reminder": null,
    "color": null,
    "label": [],
    "collaborators": []
  }
},
{
  "model": "note.notes",
  "pk": 144,
  "fields": {
    "user": 1,
    "title": "hello",
    "note": "hnhn",
    "image": "",
    "is_archive": false,
    "is_trashed": false,
    "is_copied": false,
    "checkbox": false,
    "is_pined": false,
    "url": "",
    "reminder": null,
    "color": null,
    "label": [],
    "collaborators": []
  }
},
{
  "model": "note.notes",
  "pk": 145,
  "fields": {
    "user": 1,
    "title": "string",
    "note": "string",
    "image": "",
    "is_archive": true,
    "is_trashed": false,
    "is_copied": false,
    "checkbox": false,
    "is_pined": false,
    "url": "",
    "reminder": null,
    "color": null,
    "label": [],
    "collaborators": []
  }
},
{
  "model": "note.notes",
  "pk": 146,
  "fields": {
    "user": 1,
    "title": "hello",
    "note": "hnhn",
    "image": "",
    "is_archive": false,
    "is_trashed": false,
    "is_copied": false,
    "checkbox": false,
    "is_pined": false,
    "url": "",
    "reminder": null,
    "color": null,
    "label": [],
    "collaborators": []
  }
},
{
  "model": "note.notes",
  "pk": 147,
  "fields": {
    "user": 1,
    "title": "string",
    "note": "string",
    "image": "",
    "is_archive": true,
    "is_trashed": false,
    "is_copied": false,
    "checkbox": false,
    "is_pined": false,
    "url": "",
    "reminder": null,
    "color": null,
    "label": [],
    "collaborators": []
  }
},
{
  "model": "note.notes",
  "pk": 148,
  "fields": {
    "user": 1,
    "title": "hello",
    "note": "hnhn",
    "image": "",
    "is_archive": false,
    "is_trashed": false,
    "is_copied": false,
    "checkbox": false,
    "is_pined": false,
    "url": "",
    "reminder": null,
    "color": null,
    "label": [],
    "collaborators": []
  }
},
{
  "model": "note.notes",
  "pk": 149,
  "fields": {
    "user": 1,
    "title": "string",
    "note": "string",
    "image": "",
    "is_archive": true,
    "is_trashed": false,
    "is_copied": false,
    "checkbox": false,
    "is_pined": false,
    "url": "",
    "reminder": null,
    "color": null,
    "label": [],
    "collaborators": []
  }
},
{
  "model": "note.notes",
  "pk": 150,
  "fields": {
    "user": 1,
    "title": "hello",
    "note": "hnhn",
    "image": "",
    "is_archive": false,
    "is_trashed": false,
    "is_copied": false,
    "checkbox": false,
    "is_pined": false,
    "url": "",
    "reminder": null,
    "color": null,
    "label": [],
    "collaborators": []
  }
},
{
  "model": "note.notes",
  "pk": 151,
  "fields": {
    "user": 1,
    "title": "string",
    "note": "string",
    "image": "",
    "is_archive": true,
    "is_trashed": false,
    "is_copied": false,
    "checkbox": false,
    "is_pined": false,
    "url": "",
    "reminder": null,
    "color": null,
    "label": [],
    "collaborators": []
  }
},
{
  "model": "note.notes",
  "pk": 152,
  "fields": {
    "user": 1,
    "title": "hello",
    "note": "hnhn",
    "image": "",
    "is_archive": false,
    "is_trashed": false,
    "is_copied": false,
    "checkbox": false,
    "is_pined": false,
    "url": "",
    "reminder": null,
    "color": null,
    "label": [],
    "collaborators": []
  }
},
{
  "model": "note.notes",
  "pk": 153,
  "fields": {
    "user": 1,
    "title": "string",
    "note": "string",
    "image": "",
    "is_archive": true,
    "is_trashed": false,
    "is_copied": false,
    "checkbox": false,
    "is_pined": false,
    "url": "",
    "reminder": null,
    "color": null,
    "label": [],
    "collaborators": []
  }
},
{
  "model": "note.notes",
  "pk": 154,
  "fields": {
    "user": 1,
    "title": "hello",
    "note": "hnhn",
    "image": "",
    "is_archive": false,
    "is_trashed": false,
    "is_copied": false,
    "checkbox": false,
    "is_pined": false,
    "url": "",
    "reminder": null,
    "color": null,
    "label": [],
    "collaborators": []
  }
},
{
  "model": "note.notes",
  "pk": 155,
  "fields": {
    "user": 1,
    "title": "string",
    "note": "string",
    "image": "",
    "is_archive": true,
    "is_trashed": false,
    "is_copied": false,
    "checkbox": false,
    "is_pined": false,
    "url": "",
    "reminder": null,
    "color": null,
    "label": [],
    "collaborators": []
  }
},
{
  "model": "note.notes",
  "pk": 156,
  "fields": {
    "user": 1,
    "title": "hello",
    "note": "hnhn",
    "image": "",
    "is_archive": false,
    "is_trashed": false,
    "is_copied": false,
    "checkbox": false,
    "is_pined": false,
    "url": "",
    "reminder": null,
    "color": null,
    "label": [],
    "collaborators": []
  }
},
{
  "model": "note.notes",
  "pk": 157,
  "fields": {
    "user": 1,
    "title": "string",
    "note": "string",
    "image": "",
    "is_archive": true,
    "is_trashed": false,
    "is_copied": false,
    "checkbox": false,
    "is_pined": false,
    "url": "",
    "reminder": null,
    "color": null,
    "label": [],
    "collaborators": []
  }
},
{
  "model": "note.notes",
  "pk": 158,
  "fields": {
    "user": 1,
    "title": "hello",
    "note": "hnhn",
    "image": "",
    "is_archive": false,
    "is_trashed": false,
    "is_copied": false,
    "checkbox": false,
    "is_pined": false,
    "url": "",
    "reminder": null,
    "color": null,
    "label": [],
    "collaborators": []
  }
},
{
  "model": "note.notes",
  "pk": 159,
  "fields": {
    "user": 1,
    "title": "string",
    "note": "string",
    "image": "",
    "is_archive": true,
    "is_trashed": false,
    "is_copied": false,
    "checkbox": false,
    "is_pined": false,
    "url": "",
    "reminder": null,
    "color": null,
    "label": [],
    "collaborators": []
  }
},
{
  "model": "note.notes",
  "pk": 160,
  "fields": {
    "user": 1,
    "title": "hello",
    "note": "hnhn",
    "image": "",
    "is_archive": false,
    "is_trashed": false,
    "is_copied": false,
    "checkbox": false,
    "is_pined": false,
    "url": "",
    "reminder": null,
    "color": null,
    "label": [],
    "collaborators": []
  }
},
{
  "model": "note.notes",
  "pk": 161,
  "fields": {
    "user": 1,
    "title": "string",
    "note": "string",
    "image": "",
    "is_archive": true,
    "is_trashed": false,
    "is_copied": false,
    "checkbox": false,
    "is_pined": false,
    "url": "",
    "reminder": null,
    "color": null,
    "label": [],
    "collaborators": []
  }
},
{
  "model": "note.notes",
  "pk": 162,
  "fields": {
    "user": 1,
    "title": "hello",
    "note": "hnhn",
    "image": "",
    "is_archive": false,
    "is_trashed": false,
    "is_copied": false,
    "checkbox": false,
    "is_pined": false,
    "url": "",
    "reminder": null,
    "color": null,
    "label": [],
    "collaborators": []
  }
},
{
  "model": "note.notes",
  "pk": 163,
  "fields": {
    "user": 1,
    "title": "string",
    "note": "string",
    "image": "",
    "is_archive": true,
    "is_trashed": false,
    "is_copied": false,
    "checkbox": false,
    "is_pined": false,
    "url": "",
    "reminder": null,
    "color": null,
    "label": [],
    "collaborators": []
  }
},
{
  "model": "note.notes",
  "pk": 164,
  "fields": {
    "user": 1,
    "title": "hello",
    "note": "hnhn",
    "image": "",
    "is_archive": false,
    "is_trashed": false,
    "is_copied": false,
    "checkbox": false,
    "is_pined": false,
    "url": "",
    "reminder": null,
    "color": null,
    "label": [],
    "collaborators": []
  }
},
{
  "model": "note.notes",
  "pk": 165,
  "fields": {
    "user": 1,
    "title": "string",
    "note": "string",
    "image": "",
    "is_archive": true,
    "is_trashed": false,
    "is_copied": false,
    "checkbox": false,
    "is_pined": false,
    "url": "",
    "reminder": null,
    "color": null,
    "label": [],
    "collaborators": []
  }
},
{
  "model": "note.notes",
  "pk": 166,
  "fields": {
    "user": 1,
    "title": "hello",
    "note": "hnhn",
    "image": "",
    "is_archive": false,
    "is_trashed": false,
    "is_copied": false,
    "checkbox": false,
    "is_pined": false,
    "url": "",
    "reminder": null,
    "color": null,
    "label": [],
    "collaborators": []
  }
},
{
  "model": "note.notes",
  "pk": 167,
  "fields": {
    "user": 1,
    "title": "string",
    "note": "string",
    "image": "",
    "is_archive": true,
    "is_trashed": false,
    "is_copied": false,
    "checkbox": false,
    "is_pined": false,
    "url": "",
    "reminder": null,
    "color": null,
    "label": [],
    "collaborators": []
  }
},
{
  "model": "note.notes",
  "pk": 168,
  "fields": {
    "user": 1,
    "title": "hello",
    "note": "hnhn",
    "image": "",
    "is_archive": false,
    "is_trashed": false,
    "is_copied": false,
    "checkbox": false,
    "is_pined": false,
    "url": "",
    "reminder": null,
    "color": null,
    "label": [],
    "collaborators": []
  }
},
{
  "model": "note.notes",
  "pk": 169,
  "fields": {
    "user": 1,
    "title": "string",
    "note": "string",
    "image": "",
    "is_archive": true,
    "is_trashed": false,
    "is_copied": false,
    "checkbox": false,
    "is_pined": false,
    "url": "",
    "reminder": null,
    "color": null,
    "label": [],
    "collaborators": []
  }
},
{
  "model": "note.notes",
  "pk": 170,
  "fields": {
    "user": 1,
    "title": "hello",
    "note": "hnhn",
    "image": "",
    "is_archive": false,
    "is_trashed": false,
    "is_copied": false,
    "checkbox": false,
    "is_pined": false,
    "url": "",
    "reminder": null,
    "color": null,
    "label": [],
    "collaborators": []
  }
},
{
  "model": "note.notes",
  "pk": 171,
  "fields": {
    "user": 1,
    "title": "string",
    "note": "string",
    "image": "",
    "is_archive": true,
    "is_trashed": false,
    "is_copied": false,
    "checkbox": false,
    "is_pined": false,
    "url": "",
    "reminder": null,
    "color": null,
    "label": [],
    "collaborators": []
  }
},
{
  "model": "note.notes",
  "pk": 172,
  "fields": {
    "user": 1,
    "title": "hello",
    "note": "hnhn",
    "image": "",
    "is_archive": false,
    "is_trashed": false,
    "is_copied": false,
    "checkbox": false,
    "is_pined": false,
    "url": "",
    "reminder": null,
    "color": null,
    "label": [],
    "collaborators": []
  }
},
{
  "model": "note.notes",
  "pk": 173,
  "fields": {
    "user": 1,
    "title": "string",
    "note": "string",
    "image": "",
    "is_archive": true,
    "is_trashed": false,
    "is_copied": false,
    "checkbox": false,
    "is_pined": false,
    "url": "",
    "reminder": null,
    "color": null,
    "label": [],
    "collaborators": []
  }
},
{
  "model": "note.notes",
  "pk": 174,
  "fields": {
    "user": 1,
    "title": "hello",
    "note": "hnhn",
    "image": "",
    "is_archive": false,
    "is_trashed": false,
    "is_copied": false,
    "checkbox": false,
    "is_pined": false,
    "url": "",
    "reminder": null,
    "color": null,
    "label": [],
    "collaborators": []
  }
},
{
  "model": "note.notes",
  "pk": 175,
  "fields": {
    "user": 1,
    "title": "string",
    "note": "string",
    "image": "",
    "is_archive": true,
    "is_trashed": false,
    "is_copied": false,
    "checkbox": false,
    "is_pined": false,
    "url": "",
    "reminder": null,
    "color": null,
    "label": [],
    "collaborators": []
  }
},
{
  "model": "note.notes",
  "pk": 176,
  "fields": {
    "user": 1,
    "title": "hello",
    "note": "hnhn",
    "image": "",
    "is_archive": false,
    "is_trashed": false,
    "is_copied": false,
    "checkbox": false,
    "is_pined": false,
    "url": "",
    "reminder": null,
    "color": null,
    "label": [],
    "collaborators": []
  }
},
{
  "model": "note.notes",
  "pk": 177,
  "fields": {
    "user": 1,
    "title": "string",
    "note": "string",
    "image": "",
    "is_archive": true,
    "is_trashed": false,
    "is_copied": false,
    "checkbox": false,
    "is_pined": false,
    "url": "",
    "reminder": null,
    "color": null,
    "label": [],
    "collaborators": []
  }
},
{
  "model": "note.notes",
  "pk": 178,
  "fields": {
    "user": 1,
    "title": "hello",
    "note": "hnhn",
    "image": "",
    "is_archive": false,
    "is_trashed": false,
    "is_copied": false,
    "checkbox": false,
    "is_pined": false,
    "url": "",
    "reminder": null,
    "color": null,
    "label": [],
    "collaborators": []
  }
},
{
  "model": "note.notes",
  "pk": 179,
  "fields": {
    "user": 1,
    "title": "string",
    "note": "string",
    "image": "",
    "is_archive": true,
    "is_trashed": false,
    "is_copied": false,
    "checkbox": false,
    "is_pined": false,
    "url": "",
    "reminder": null,
    "color": null,
    "label": [],
    "collaborators": []
  }
},
{
  "model": "note.notes",
  "pk": 180,
  "fields": {
    "user": 1,
    "title": "hello",
    "note": "hnhn",
    "image": "",
    "is_archive": false,
    "is_trashed": false,
    "is_copied": false,
    "checkbox": false,
    "is_pined": false,
    "url": "",
    "reminder": null,
    "color": null,
    "label": [],
    "collaborators": []
  }
},
{
  "model": "note.notes",
  "pk": 181,
  "fields": {
    "user": 1,
    "title": "string",
    "note": "string",
    "image": "",
    "is_archive": true,
    "is_trashed": false,
    "is_copied": false,
    "checkbox": false,
    "is_pined": false,
    "url": "",
    "reminder": null,
    "color": null,
    "label": [],
    "collaborators": []
  }
},
{
  "model": "note.notes",
  "pk": 182,
  "fields": {
    "user": 1,
    "title": "hello",
    "note": "hnhn",
    "image": "",
    "is_archive": false,
    "is_trashed": false,
    "is_copied": false,
    "checkbox": false,
    "is_pined": false,
    "url": "",
    "reminder": null,
    "color": null,
    "label": [],
    "collaborators": []
  }
},
{
  "model": "note.notes",
  "pk": 183,
  "fields": {
    "user": 1,
    "title": "string",
    "note": "string",
    "image": "",
    "is_archive": true,
    "is_trashed": false,
    "is_copied": false,
    "checkbox": false,
    "is_pined": false,
    "url": "",
    "reminder": null,
    "color": null,
    "label": [],
    "collaborators": []
  }
},
{
  "model": "note.notes",
  "pk": 184,
  "fields": {
    "user": 1,
    "title": "hello",
    "note": "hnhn",
    "image": "",
    "is_archive": false,
    "is_trashed": false,
    "is_copied": false,
    "checkbox": false,
    "is_pined": false,
    "url": "",
    "reminder": null,
    "color": null,
    "label": [],
    "collaborators": []
  }
},
{
  "model": "note.notes",
  "pk": 185,
  "fields": {
    "user": 1,
    "title": "string",
    "note": "string",
    "image": "",
    "is_archive": true,
    "is_trashed": false,
    "is_copied": false,
    "checkbox": false,
    "is_pined": false,
    "url": "",
    "reminder": null,
    "color": null,
    "label": [],
    "collaborators": []
  }
},
{
  "model": "note.notes",
  "pk": 186,
  "fields": {
    "user": 1,
    "title": "hello",
    "note": "hnhn",
    "image": "",
    "is_archive": false,
    "is_trashed": false,
    "is_copied": false,
    "checkbox": false,
    "is_pined": false,
    "url": "",
    "reminder": null,
    "color": null,
    "label": [],
    "collaborators": []
  }
},
{
  "model": "note.notes",
  "pk": 187,
  "fields": {
    "user": 1,
    "title": "string",
    "note": "string",
    "image": "",
    "is_archive": true,
    "is_trashed": false,
    "is_copied": false,
    "checkbox": false,
    "is_pined": false,
    "url": "",
    "reminder": null,
    "color": null,
    "label": [],
    "collaborators": []
  }
},
{
  "model": "note.notes",
  "pk": 188,
  "fields": {
    "user": 1,
    "title": "hello",
    "note": "hnhn",
    "image": "",
    "is_archive": false,
    "is_trashed": false,
    "is_copied": false,
    "checkbox": false,
    "is_pined": false,
    "url": "",
    "reminder": null,
    "color": null,
    "label": [],
    "collaborators": []
  }
},
{
  "model": "note.notes",
  "pk": 189,
  "fields": {
    "user": 1,
    "title": "string",
    "note": "string",
    "image": "",
    "is_archive": true,
    "is_trashed": false,
    "is_copied": false,
    "checkbox": false,
    "is_pined": false,
    "url": "",
    "reminder": null,
    "color": null,
    "label": [],
    "collaborators": []
  }
},
{
  "model": "note.notes",
  "pk": 190,
  "fields": {
    "user": 1,
    "title": "hello",
    "note": "hnhn",
    "image": "",
    "is_archive": false,
    "is_trashed": false,
    "is_copied": false,
    "checkbox": false,
    "is_pined": false,
    "url": "",
    "reminder": null,
    "color": null,
    "label": [],
    "collaborators": []
  }
},
{
  "model": "note.notes",
  "pk": 191,
  "fields": {
    "user": 1,
    "title": "string",
    "note": "string",
    "image": "",
    "is_archive": true,
    "is_trashed": false,
    "is_copied": false,
    "checkbox": false,
    "is_pined": false,
    "url": "",
    "reminder": null,
    "color": null,
    "label": [],
    "collaborators": []
  }
},
{
  "model": "note.notes",
  "pk": 192,
  "fields": {
    "user": 1,
    "title": "hello",
    "note": "hnhn",
    "image": "",
    "is_archive": false,
    "is_trashed": false,
    "is_copied": false,
    "checkbox": false,
    "is_pined": false,
    "url": "",
    "reminder": null,
    "color": null,
    "label": [],
    "collaborators": []
  }
},
{
  "model": "note.notes",
  "pk": 193,
  "fields": {
    "user": 1,
    "title": "string",
    "note": "string",
    "image": "",
    "is_archive": true,
    "is_trashed": false,
    "is_copied": false,
    "checkbox": false,
    "is_pined": false,
    "url": "",
    "reminder": null,
    "color": null,
    "label": [],
    "collaborators": []
  }
},
{
  "model": "note.notes",
  "pk": 194,
  "fields": {
    "user": 1,
    "title": "hello",
    "note": "hnhn",
    "image": "",
    "is_archive": false,
    "is_trashed": false,
    "is_copied": false,
    "checkbox": false,
    "is_pined": false,
    "url": "",
    "reminder": null,
    "color": null,
    "label": [],
    "collaborators": []
  }
},
{
  "model": "note.notes",
  "pk": 195,
  "fields": {
    "user": 1,
    "title": "string",
    "note": "string",
    "image": "",
    "is_archive": true,
    "is_trashed": false,
    "is_copied": false,
    "checkbox": false,
    "is_pined": false,
    "url": "",
    "reminder": null,
    "color": null,
    "label": [],
    "collaborators": []
  }
},
{
  "model": "note.notes",
  "pk": 196,
  "fields": {
    "user": 1,
    "title": "hello",
    "note": "hnhn",
    "image": "",
    "is_archive": false,
    "is_trashed": false,
    "is_copied": false,
    "checkbox": false,
    "is_pined": false,
    "url": "",
    "reminder": null,
    "color": null,
    "label": [],
    "collaborators": []
  }
},
{
  "model": "note.notes",
  "pk": 197,
  "fields": {
    "user": 1,
    "title": "string",
    "note": "string",
    "image": "",
    "is_archive": true,
    "is_trashed": false,
    "is_copied": false,
    "checkbox": false,
    "is_pined": false,
    "url": "",
    "reminder": null,
    "color": null,
    "label": [],
    "collaborators": []
  }
},
{
  "model": "note.notes",
  "pk": 198,
  "fields": {
    "user": 1,
    "title": "hello",
    "note": "hnhn",
    "image": "",
    "is_archive": false,
    "is_trashed": false,
    "is_copied": false,
    "checkbox": false,
    "is_pined": false,
    "url": "",
    "reminder": null,
    "color": null,
    "label": [],
    "collaborators": []
  }
},
{
  "model": "note.notes",
  "pk": 199,
  "fields": {
    "user": 1,
    "title": "string",
    "note": "string",
    "image": "",
    "is_archive": true,
    "is_trashed": false,
    "is_copied": false,
    "checkbox": false,
    "is_pined": false,
    "url": "",
    "reminder": null,
    "color": null,
    "label": [],
    "collaborators": []
  }
},
{
  "model": "note.notes",
  "pk": 200,
  "fields": {
    "user": 1,
    "title": "hello",
    "note": "hnhn",
    "image": "",
    "is_archive": false,
    "is_trashed": false,
    "is_copied": false,
    "checkbox": false,
    "is_pined": false,
    "url": "",
    "reminder": null,
    "color": null,
    "label": [],
    "collaborators": []
  }
},
{
  "model": "note.notes",
  "pk": 201,
  "fields": {
    "user": 1,
    "title": "string",
    "note": "string",
    "image": "",
    "is_archive": true,
    "is_trashed": false,
    "is_copied": false,
    "checkbox": false,
    "is_pined": false,
    "url": "",
    "reminder": null,
    "color": null,
    "label": [],
    "collaborators": []
  }
},
{
  "model": "note.notes",
  "pk": 202,
  "fields": {
    "user": 1,
    "title": "hello",
    "note": "hnhn",
    "image": "",
    "is_archive": false,
    "is_trashed": false,
    "is_copied": false,
    "checkbox": false,
    "is_pined": false,
    "url": "",
    "reminder": null,
    "color": null,
    "label": [],
    "collaborators": []
  }
},
{
  "model": "note.notes",
  "pk": 203,
  "fields": {
    "user": 1,
    "title": "string",
    "note": "string",
    "image": "",
    "is_archive": true,
    "is_trashed": false,
    "is_copied": false,
    "checkbox": false,
    "is_pined": false,
    "url": "",
    "reminder": null,
    "color": null,
    "label": [],
    "collaborators": []
  }
},
{
  "model": "note.notes",
  "pk": 204,
  "fields": {
    "user": 1,
    "title": "hello",
    "note": "hnhn",
    "image": "",
    "is_archive": false,
    "is_trashed": false,
    "is_copied": false,
    "checkbox": false,
    "is_pined": false,
    "url": "",
    "reminder": null,
    "color": null,
    "label": [],
    "collaborators": []
  }
},
{
  "model": "note.notes",
  "pk": 205,
  "fields": {
    "user": 1,
    "title": "string",
    "note": "string",
    "image": "",
    "is_archive": true,
    "is_trashed": false,
    "is_copied": false,
    "checkbox": false,
    "is_pined": false,
    "url": "",
    "reminder": null,
    "color": null,
    "label": [],
    "collaborators": []
  }
},
{
  "model": "note.notes",
  "pk": 206,
  "fields": {
    "user": 1,
    "title": "hello",
    "note": "hnhn",
    "image": "",
    "is_archive": false,
    "is_trashed": false,
    "is_copied": false,
    "checkbox": false,
    "is_pined": false,
    "url": "",
    "reminder": null,
    "color": null,
    "label": [],
    "collaborators": []
  }
},
{
  "model": "note.notes",
  "pk": 207,
  "fields": {
    "user": 1,
    "title": "string",
    "note": "string",
    "image": "",
    "is_archive": true,
    "is_trashed": false,
    "is_copied": false,
    "checkbox": false,
    "is_pined": false,
    "url": "",
    "reminder": null,
    "color": null,
    "label": [],
    "collaborators": []
  }
},
{
  "model": "note.notes",
  "pk": 208,
  "fields": {
    "user": 1,
    "title": "hello",
    "note": "hnhn",
    "image": "",
    "is_archive": false,
    "is_trashed": false,
    "is_copied": false,
    "checkbox": false,
    "is_pined": false,
    "url": "",
    "reminder": null,
    "color": null,
    "label": [],
    "collaborators": []
  }
},
{
  "model": "note.notes",
  "pk": 209,
  "fields": {
    "user": 1,
    "title": "string",
    "note": "string",
    "image": "",
    "is_archive": true,
    "is_trashed": false,
    "is_copied": false,
    "checkbox": false,
    "is_pined": false,
    "url": "",
    "reminder": null,
    "color": null,
    "label": [],
    "collaborators": []
  }
},
{
  "model": "note.notes",
  "pk": 210,
  "fields": {
    "user": 1,
    "title": "hello",
    "note": "hnhn",
    "image": "",
    "is_archive": false,
    "is_trashed": false,
    "is_copied": false,
    "checkbox": false,
    "is_pined": false,
    "url": "",
    "reminder": null,
    "color": null,
    "label": [],
    "collaborators": []
  }
},
{
  "model": "note.notes",
  "pk": 211,
  "fields": {
    "user": 1,
    "title": "string",
    "note": "string",
    "image": "",
    "is_archive": true,
    "is_trashed": false,
    "is_copied": false,
    "checkbox": false,
    "is_pined": false,
    "url": "",
    "reminder": null,
    "color": null,
    "label": [],
    "collaborators": []
  }
},
{
  "model": "note.notes",
  "pk": 212,
  "fields": {
    "user": 1,
    "title": "hello",
    "note": "hnhn",
    "image": "",
    "is_archive": false,
    "is_trashed": false,
    "is_copied": false,
    "checkbox": false,
    "is_pined": false,
    "url": "",
    "reminder": null,
    "color": null,
    "label": [],
    "collaborators": []
  }
},
{
  "model": "note.notes",
  "pk": 213,
  "fields": {
    "user": 1,
    "title": "string",
    "note": "string",
    "image": "",
    "is_archive": true,
    "is_trashed": false,
    "is_copied": false,
    "checkbox": false,
    "is_pined": false,
    "url": "",
    "reminder": null,
    "color": null,
    "label": [],
    "collaborators": []
  }
},
{
  "model": "note.notes",
  "pk": 214,
  "fields": {
    "user": 1,
    "title": "hello",
    "note": "hnhn",
    "image": "",
    "is_archive": false,
    "is_trashed": false,
    "is_copied": false,
    "checkbox": false,
    "is_pined": false,
    "url": "",
    "reminder": null,
    "color": null,
    "label": [],
    "collaborators": []
  }
},
{
  "model": "note.notes",
  "pk": 215,
  "fields": {
    "user": 1,
    "title": "string",
    "note": "string",
    "image": "",
    "is_archive": true,
    "is_trashed": false,
    "is_copied": false,
    "checkbox": false,
    "is_pined": false,
    "url": "",
    "reminder": null,
    "color": null,
    "label": [],
    "collaborators": []
  }
},
{
  "model": "note.notes",
  "pk": 216,
  "fields": {
    "user": 1,
    "title": "hello",
    "note": "hnhn",
    "image": "",
    "is_archive": false,
    "is_trashed": false,
    "is_copied": false,
    "checkbox": false,
    "is_pined": false,
    "url": "",
    "reminder": null,
    "color": null,
    "label": [],
    "collaborators": []
  }
},
{
  "model": "note.notes",
  "pk": 217,
  "fields": {
    "user": 1,
    "title": "string",
    "note": "string",
    "image": "",
    "is_archive": true,
    "is_trashed": false,
    "is_copied": false,
    "checkbox": false,
    "is_pined": false,
    "url": "",
    "reminder": null,
    "color": null,
    "label": [],
    "collaborators": []
  }
},
{
  "model": "note.notes",
  "pk": 218,
  "fields": {
    "user": 1,
    "title": "hello",
    "note": "hnhn",
    "image": "",
    "is_archive": false,
    "is_trashed": false,
    "is_copied": false,
    "checkbox": false,
    "is_pined": false,
    "url": "",
    "reminder": null,
    "color": null,
    "label": [],
    "collaborators": []
  }
},
{
  "model": "note.notes",
  "pk": 219,
  "fields": {
    "user": 1,
    "title": "string",
    "note": "string",
    "image": "",
    "is_archive": true,
    "is_trashed": false,
    "is_copied": false,
    "checkbox": false,
    "is_pined": false,
    "url": "",
    "reminder": null,
    "color": null,
    "label": [],
    "collaborators": []
  }
},
{
  "model": "note.notes",
  "pk": 220,
  "fields": {
    "user": 1,
    "title": "hello",
    "note": "hnhn",
    "image": "",
    "is_archive": false,
    "is_trashed": false,
    "is_copied": false,
    "checkbox": false,
    "is_pined": false,
    "url": "",
    "reminder": null,
    "color": null,
    "label": [],
    "collaborators": []
  }
},
{
  "model": "note.notes",
  "pk": 221,
  "fields": {
    "user": 1,
    "title": "string",
    "note": "string",
    "image": "",
    "is_archive": true,
    "is_trashed": false,
    "is_copied": false,
    "checkbox": false,
    "is_pined": false,
    "url": "",
    "reminder": null,
    "color": null,
    "label": [],
    "collaborators": []
  }
},
{
  "model": "note.notes",
  "pk": 222,
  "fields": {
    "user": 1,
    "title": "hello",
    "note": "hnhn",
    "image": "",
    "is_archive": false,
    "is_trashed": false,
    "is_copied": false,
    "checkbox": false,
    "is_pined": false,
    "url": "",
    "reminder": null,
    "color": null,
    "label": [],
    "collaborators": []
  }
},
{
  "model": "note.notes",
  "pk": 223,
  "fields": {
    "user": 1,
    "title": "string",
    "note": "string",
    "image": "",
    "is_archive": true,
    "is_trashed": false,
    "is_copied": false,
    "checkbox": false,
    "is_pined": false,
    "url": "",
    "reminder": null,
    "color": null,
    "label": [],
    "collaborators": []
  }
},
{
  "model": "note.notes",
  "pk": 224,
  "fields": {
    "user": 1,
    "title": "hello",
    "note": "hnhn",
    "image": "",
    "is_archive": false,
    "is_trashed": false,
    "is_copied": false,
    "checkbox": false,
    "is_pined": false,
    "url": "",
    "reminder": null,
    "color": null,
    "label": [],
    "collaborators": []
  }
},
{
  "model": "note.notes",
  "pk": 225,
  "fields": {
    "user": 1,
    "title": "string",
    "note": "string",
    "image": "",
    "is_archive": true,
    "is_trashed": false,
    "is_copied": false,
    "checkbox": false,
    "is_pined": false,
    "url": "",
    "reminder": null,
    "color": null,
    "label": [],
    "collaborators": []
  }
},
{
  "model": "note.notes",
  "pk": 226,
  "fields": {
    "user": 1,
    "title": "hello",
    "note": "hnhn",
    "image": "",
    "is_archive": false,
    "is_trashed": false,
    "is_copied": false,
    "checkbox": false,
    "is_pined": false,
    "url": "",
    "reminder": null,
    "color": null,
    "label": [],
    "collaborators": []
  }
},
{
  "model": "note.notes",
  "pk": 227,
  "fields": {
    "user": 1,
    "title": "string",
    "note": "string",
    "image": "",
    "is_archive": true,
    "is_trashed": false,
    "is_copied": false,
    "checkbox": false,
    "is_pined": false,
    "url": "",
    "reminder": null,
    "color": null,
    "label": [],
    "collaborators": []
  }
},
{
  "model": "note.notes",
  "pk": 228,
  "fields": {
    "user": 1,
    "title": "hello",
    "note": "hnhn",
    "image": "",
    "is_archive": false,
    "is_trashed": false,
    "is_copied": false,
    "checkbox": false,
    "is_pined": false,
    "url": "",
    "reminder": null,
    "color": null,
    "label": [],
    "collaborators": []
  }
},
{
  "model": "note.notes",
  "pk": 229,
  "fields": {
    "user": 1,
    "title": "string",
    "note": "string",
    "image": "",
    "is_archive": true,
    "is_trashed": false,
    "is_copied": false,
    "checkbox": false,
    "is_pined": false,
    "url": "",
    "reminder": null,
    "color": null,
    "label": [],
    "collaborators": []
  }
},
{
  "model": "note.notes",
  "pk": 230,
  "fields": {
    "user": 1,
    "title": "hello",
    "note": "hnhn",
    "image": "",
    "is_archive": false,
    "is_trashed": false,
    "is_copied": false,
    "checkbox": false,
    "is_pined": false,
    "url": "",
    "reminder": null,
    "color": null,
    "label": [],
    "collaborators": []
  }
},
{
  "model": "note.notes",
  "pk": 231,
  "fields": {
    "user": 1,
    "title": "string",
    "note": "string",
    "image": "",
    "is_archive": true,
    "is_trashed": false,
    "is_copied": false,
    "checkbox": false,
    "is_pined": false,
    "url": "",
    "reminder": null,
    "color": null,
    "label": [],
    "collaborators": []
  }
},
{
  "model": "note.notes",
  "pk": 232,
  "fields": {
    "user": 1,
    "title": "hello",
    "note": "hnhn",
    "image": "",
    "is_archive": false,
    "is_trashed": false,
    "is_copied": false,
    "checkbox": false,
    "is_pined": false,
    "url": "",
    "reminder": null,
    "color": null,
    "label": [],
    "collaborators": []
  }
},
{
  "model": "note.notes",
  "pk": 233,
  "fields": {
    "user": 1,
    "title": "string",
    "note": "string",
    "image": "",
    "is_archive": true,
    "is_trashed": false,
    "is_copied": false,
    "checkbox": false,
    "is_pined": false,
    "url": "",
    "reminder": null,
    "color": null,
    "label": [],
    "collaborators": []
  }
},
{
  "model": "note.notes",
  "pk": 234,
  "fields": {
    "user": 1,
    "title": "hello",
    "note": "hnhn",
    "image": "",
    "is_archive": false,
    "is_trashed": false,
    "is_copied": false,
    "checkbox": false,
    "is_pined": false,
    "url": "",
    "reminder": null,
    "color": null,
    "label": [],
    "collaborators": []
  }
},
{
  "model": "note.notes",
  "pk": 235,
  "fields": {
    "user": 1,
    "title": "string",
    "note": "string",
    "image": "",
    "is_archive": true,
    "is_trashed": false,
    "is_copied": false,
    "checkbox": false,
    "is_pined": false,
    "url": "",
    "reminder": null,
    "color": null,
    "label": [],
    "collaborators": []
  }
},
{
  "model": "note.notes",
  "pk": 236,
  "fields": {
    "user": 1,
    "title": "hello",
    "note": "hnhn",
    "image": "",
    "is_archive": false,
    "is_trashed": false,
    "is_copied": false,
    "checkbox": false,
    "is_pined": false,
    "url": "",
    "reminder": null,
    "color": null,
    "label": [],
    "collaborators": []
  }
},
{
  "model": "note.notes",
  "pk": 237,
  "fields": {
    "user": 1,
    "title": "string",
    "note": "string",
    "image": "",
    "is_archive": true,
    "is_trashed": false,
    "is_copied": false,
    "checkbox": false,
    "is_pined": false,
    "url": "",
    "reminder": null,
    "color": null,
    "label": [],
    "collaborators": []
  }
},
{
  "model": "note.notes",
  "pk": 238,
  "fields": {
    "user": 1,
    "title": "hello",
    "note": "hnhn",
    "image": "",
    "is_archive": false,
    "is_trashed": false,
    "is_copied": false,
    "checkbox": false,
    "is_pined": false,
    "url": "",
    "reminder": null,
    "color": null,
    "label": [],
    "collaborators": []
  }
},
{
  "model": "note.notes",
  "pk": 239,
  "fields": {
    "user": 1,
    "title": "string",
    "note": "string",
    "image": "",
    "is_archive": true,
    "is_trashed": false,
    "is_copied": false,
    "checkbox": false,
    "is_pined": false,
    "url": "",
    "reminder": null,
    "color": null,
    "label": [],
    "collaborators": []
  }
},
{
  "model": "social_django.usersocialauth",
  "pk": 2,
  "fields": {
    "user": 9,
    "provider": "github",
    "uid": "33028851",
    "extra_data": "{\"auth_time\": 1573708986, \"id\": 33028851, \"expires\": null, \"login\": \"nk900600\", \"access_token\": \"085cd65f50869bda78c8c75b43e1e4fb48bd979b\", \"token_type\": \"bearer\"}"
  }
},
{
  "model": "admin.logentry",
  "pk": 1,
  "fields": {
    "action_time": "2019-11-05T09:58:28.194Z",
    "user": 1,
    "content_type": 8,
    "object_id": "1",
    "object_repr": "hi",
    "action_flag": 1,
    "change_message": "[{\"added\": {}}]"
  }
},
{
  "model": "admin.logentry",
  "pk": 2,
  "fields": {
    "action_time": "2019-11-05T09:58:31.155Z",
    "user": 1,
    "content_type": 9,
    "object_id": "1",
    "object_repr": "first",
    "action_flag": 1,
    "change_message": "[{\"added\": {}}]"
  }
},
{
  "model": "admin.logentry",
  "pk": 3,
  "fields": {
    "action_time": "2019-11-05T09:59:53.929Z",
    "user": 1,
    "content_type": 9,
    "object_id": "2",
    "object_repr": "second",
    "action_flag": 1,
    "change_message": "[{\"added\": {}}]"
  }
},
{
  "model": "admin.logentry",
  "pk": 4,
  "fields": {
    "action_time": "2019-11-06T04:39:45.902Z",
    "user": 1,
    "content_type": 4,
    "object_id": "2",
    "object_repr": "nk90600",
    "action_flag": 1,
    "change_message": "[{\"added\": {}}]"
  }
},
{
  "model": "admin.logentry",
  "pk": 5,
  "fields": {
    "action_time": "2019-11-06T04:39:56.304Z",
    "user": 1,
    "content_type": 4,
    "object_id": "2",
    "object_repr": "nk90600",
    "action_flag": 2,
    "change_message": "[{\"changed\": {\"fields\": [\"first_name\", \"last_name\"]}}]"
  }
},
{
  "model": "admin.logentry",
  "pk": 6,
  "fields": {
    "action_time": "2019-11-06T12:27:21.573Z",
    "user": 1,
    "content_type": 9,
    "object_id": "3",
    "object_repr": "e",
    "action_flag": 1,
    "change_message": "[{\"added\": {}}]"
  }
},
{
  "model": "admin.logentry",
  "pk": 7,
  "fields": {
    "action_time": "2019-11-07T05:17:29.128Z",
    "user": 1,
    "content_type": 8,
    "object_id": "2",
    "object_repr": "yo",
    "action_flag": 1,
    "change_message": "[{\"added\": {}}]"
  }
},
{
  "model": "admin.logentry",
  "pk": 8,
  "fields": {
    "action_time": "2019-11-07T12:27:02.365Z",
    "user": 1,
    "content_type": 4,
    "object_id": "2",
    "object_repr": "nk90600",
    "action_flag": 2,
    "change_message": "[{\"changed\": {\"fields\": [\"email\"]}}]"
  }
},
{
  "model": "admin.logentry",
  "pk": 9,
  "fields": {
    "action_time": "2019-11-07T12:27:15.566Z",
    "user": 1,
    "content_type": 4,
    "object_id": "1",
    "object_repr": "admin",
    "action_flag": 2,
    "change_message": "[{\"changed\": {\"fields\": [\"email\"]}}]"
  }
},
{
  "model": "admin.logentry",
  "pk": 10,
  "fields": {
    "action_time": "2019-11-09T11:34:43.821Z",
    "user": 1,
    "content_type": 9,
    "object_id": "15",
    "object_repr": "d",
    "action_flag": 2,
    "change_message": "[{\"changed\": {\"fields\": [\"reminder\"]}}]"
  }
},
{
  "model": "admin.logentry",
  "pk": 11,
  "fields": {
    "action_time": "2019-11-09T11:35:36.189Z",
    "user": 1,
    "content_type": 9,
    "object_id": "14",
    "object_repr": "d",
    "action_flag": 2,
    "change_message": "[{\"changed\": {\"fields\": [\"reminder\"]}}]"
  }
},
{
  "model": "admin.logentry",
  "pk": 12,
  "fields": {
    "action_time": "2019-11-12T12:14:20.244Z",
    "user": 1,
    "content_type": 8,
    "object_id": "7",
    "object_repr": "e",
    "action_flag": 1,
    "change_message": "[{\"added\": {}}]"
  }
},
{
  "model": "admin.logentry",
  "pk": 13,
  "fields": {
    "action_time": "2019-11-13T05:41:12.020Z",
    "user": 1,
    "content_type": 4,
    "object_id": "2",
    "object_repr": "nk90600",
    "action_flag": 3,
    "change_message": ""
  }
},
{
  "model": "admin.logentry",
  "pk": 14,
  "fields": {
    "action_time": "2019-11-13T05:42:42.227Z",
    "user": 1,
    "content_type": 4,
    "object_id": "3",
    "object_repr": "nk90600",
    "action_flag": 3,
    "change_message": ""
  }
},
{
  "model": "admin.logentry",
  "pk": 15,
  "fields": {
    "action_time": "2019-11-13T05:42:56.930Z",
    "user": 1,
    "content_type": 4,
    "object_id": "4",
    "object_repr": "nk90600",
    "action_flag": 3,
    "change_message": ""
  }
},
{
  "model": "admin.logentry",
  "pk": 16,
  "fields": {
    "action_time": "2019-11-13T05:44:55.727Z",
    "user": 1,
    "content_type": 4,
    "object_id": "5",
    "object_repr": "nk90600",
    "action_flag": 3,
    "change_message": ""
  }
},
{
  "model": "admin.logentry",
  "pk": 17,
  "fields": {
    "action_time": "2019-11-13T05:45:26.051Z",
    "user": 1,
    "content_type": 4,
    "object_id": "6",
    "object_repr": "nk90600",
    "action_flag": 3,
    "change_message": ""
  }
},
{
  "model": "admin.logentry",
  "pk": 18,
  "fields": {
    "action_time": "2019-11-13T05:47:47.637Z",
    "user": 1,
    "content_type": 4,
    "object_id": "7",
    "object_repr": "nk90600",
    "action_flag": 3,
    "change_message": ""
  }
},
{
  "model": "admin.logentry",
  "pk": 19,
  "fields": {
    "action_time": "2019-11-13T05:56:21.356Z",
    "user": 1,
    "content_type": 17,
    "object_id": "1",
    "object_repr": "admin",
    "action_flag": 3,
    "change_message": ""
  }
},
{
  "model": "admin.logentry",
  "pk": 20,
  "fields": {
    "action_time": "2019-11-13T08:14:04.636Z",
    "user": 1,
    "content_type": 4,
    "object_id": "1",
    "object_repr": "admin",
    "action_flag": 2,
    "change_message": "[{\"changed\": {\"fields\": [\"first_name\", \"last_name\", \"email\"]}}]"
  }
}
]
